tower_item_id,item_type,item_id,title,location,latitude,longitude,price,normalized_features,star_rating,property_type,difficulty_level,tour_type,attraction_type,amenities_json,categories_json,cuisines_json,diets_json,suitable_for_json
128,tour,1,Tour Châu Đốc – Núi Sam – Rừng Tràm Trà Sư 1 Ngày,An Giang,10.68785760,105.09667200,120000.00,"[""culture"", ""adventure"", ""beach"", ""city"", ""religious"", ""historical"", ""mountain"", ""food"", ""nature"", ""wildlife"", ""photography"", ""pickup"", ""professional_guide"", ""airport_transfer"", ""photographer"", ""wifi_on_board"", ""vegetarian_options"", ""bike_rental"", ""sun_protection"", ""helmet"", ""hotel"", ""breakfast"", ""meals"", ""lunch"", ""dinner"", ""entrance_fees"", ""activities""]",,,moderate,group,,,"[""culture"", ""adventure"", ""beach"", ""city"", ""religious"", ""historical"", ""mountain"", ""food"", ""nature"", ""wildlife"", ""photography""]",,,
129,tour,2,Tour Châu Đốc – Núi Cấm – Rừng Tràm Trà Sư 2 Ngày 1 Đêm,An Giang,10.70096000,105.12005000,135000.00,"[""culture"", ""nature"", ""mountain"", ""pickup"", ""professional_guide"", ""hotel"", ""meals"", ""transport"", ""guide""]",,,moderate,group,,,"[""culture"", ""nature"", ""mountain""]",,,
130,tour,3,Tour Long Xuyên – Cù Lao Giêng – Làng Nghề 1 Ngày,An Giang,10.38639000,105.43518000,68000.00,"[""culture"", ""city"", ""pickup"", ""transport"", ""guide""]",,,easy,group,,,"[""culture"", ""city""]",,,
131,tour,4,Tour Vũng Tàu – Hồ Tràm – Suối Nước Nóng 2 Ngày 1 Đêm,Bà Rịa - Vũng Tàu,10.41138000,107.13623000,210000.00,"[""beach"", ""relax"", ""pickup"", ""spa"", ""hotel"", ""meals"", ""transport""]",,,easy,group,,,"[""beach"", ""relax""]",,,
132,tour,5,Tour Côn Đảo Tâm Linh 3 Ngày 2 Đêm,Bà Rịa - Vũng Tàu,8.68917000,106.60053000,245000.00,"[""religious"", ""historical"", ""guide"", ""hotel"", ""meals"", ""guide""]",,,moderate,group,,,"[""religious"", ""historical""]",,,
133,tour,6,Tour Tây Yên Tử – Thiền Viện Trúc Lâm 2 Ngày 1 Đêm,Bắc Giang,21.32806000,106.85841000,155000.00,"[""religious"", ""mountain"", ""pickup"", ""hotel"", ""meals"", ""transport""]",,,moderate,group,,,"[""religious"", ""mountain""]",,,
134,tour,7,Tour Lục Ngạn – Hồ Cấm Sơn – Vườn Vải 1 Ngày,Bắc Giang,21.41258000,106.63092000,100000.00,"[""nature"", ""food"", ""pickup"", ""transport"", ""guide""]",,,easy,group,,,"[""nature"", ""food""]",,,
135,tour,8,Tour Hồ Ba Bể – Động Puông – Thác Đầu Đẳng 2 Ngày,Bắc Kạn,22.40750000,105.61930000,132781.00,"[""nature"", ""adventure"", ""pickup"", ""professional_guide"", ""hotel"", ""meals"", ""transport"", ""guide"", ""entrance_fees""]",,,moderate,group,,,"[""nature"", ""adventure""]",,,
136,tour,9,Tour Bắc Kạn – Trải Nghiệm Văn Hóa Bản Địa 3 Ngày,Bắc Kạn,22.39000000,105.62000000,191251.00,"[""culture"", ""nature"", ""pickup"", ""guide"", ""hotel"", ""meals"", ""guide""]",,,easy,group,,,"[""culture"", ""nature""]",,,
137,tour,10,Tour Bạc Liêu – Nhà Công Tử – Cánh Đồng Điện Gió 1 Ngày,Bạc Liêu,9.29400000,105.72780000,137910.00,"[""culture"", ""city"", ""pickup"", ""guide"", ""transport"", ""guide"", ""entrance_fees""]",,,easy,group,,,"[""culture"", ""city""]",,,
138,tour,11,Tour Bạc Liêu – Chùa Xiêm Cán – Vườn Chim 2 Ngày,Bạc Liêu,9.26800000,105.71500000,205801.00,"[""culture"", ""nature"", ""pickup"", ""guide"", ""hotel"", ""meals"", ""guide""]",,,moderate,group,,,"[""culture"", ""nature""]",,,
139,tour,12,Tour Bắc Ninh – Làng Quan Họ – Đền Đô 1 Ngày,Bắc Ninh,21.11880000,106.03890000,195270.00,"[""culture"", ""historical"", ""pickup"", ""guide"", ""transport"", ""guide"", ""entrance_fees""]",,,easy,group,,,"[""culture"", ""historical""]",,,
140,tour,13,Tour Bắc Ninh – Chùa Dâu – Làng Tranh Đông Hồ 2 Ngày,Bắc Ninh,21.04000000,106.07500000,108950.00,"[""culture"", ""historical"", ""pickup"", ""guide"", ""hotel"", ""meals"", ""guide""]",,,moderate,group,,,"[""culture"", ""historical""]",,,
141,tour,14,Tour Bến Tre – Cồn Phụng – Trải Nghiệm Miệt Vườn 1 Ngày,Bến Tre,10.28324000,106.01038000,218940.00,"[""culture"", ""nature"", ""food"", ""pickup"", ""professional_guide"", ""hotel"", ""meals"", ""transport"", ""guide"", ""entrance_fees""]",,,easy,group,,,"[""culture"", ""nature"", ""food""]",,,
142,tour,15,Tour Bến Tre – Làng Nghề Dừa – Du Lịch Sinh Thái 2 Ngày,Bến Tre,10.24156000,106.35672000,177849.00,"[""culture"", ""nature"", ""homestay"", ""pickup"", ""bike_rental"", ""hotel"", ""meals"", ""transport"", ""guide""]",,,easy,group,,,"[""culture"", ""nature"", ""homestay""]",,,
143,tour,16,Tour Quy Nhơn – Kỳ Co – Eo Gió 2 Ngày,Bình Định,13.76811000,109.24712000,152427.00,"[""beach"", ""nature"", ""photography"", ""pickup"", ""boat"", ""hotel"", ""meals"", ""transport"", ""guide""]",,,moderate,group,,,"[""beach"", ""nature"", ""photography""]",,,
144,tour,17,Tour Bình Định – Tây Sơn – Văn Hóa Lịch Sử 1 Ngày,Bình Định,13.94382000,109.03392000,148586.00,"[""culture"", ""historical"", ""pickup"", ""meals"", ""transport"", ""guide""]",,,easy,group,,,"[""culture"", ""historical""]",,,
145,tour,18,Tour Bình Dương – Đại Nam – Làng Tre 1 Ngày,Bình Dương,11.06672000,106.67319000,205649.00,"[""city"", ""culture"", ""pickup"", ""meals"", ""transport"", ""guide""]",,,easy,group,,,"[""city"", ""culture""]",,,
146,tour,19,Tour Bình Dương – Sinh Thái Hồ Dầu Tiếng 2 Ngày,Bình Dương,11.32781000,106.30542000,162488.00,"[""nature"", ""camping"", ""photography"", ""pickup"", ""camping_gear"", ""hotel"", ""meals"", ""transport"", ""guide""]",,,moderate,group,,,"[""nature"", ""camping"", ""photography""]",,,
147,tour,20,Tour Núi Bà Rá – Hồ Thác Mơ 2 Ngày 1 Đêm,Bình Phước,11.81120000,106.99350000,185000.00,"[""nature"", ""mountain"", ""photography"", ""pickup"", ""professional_guide"", ""wifi_on_board"", ""hotel"", ""breakfast"", ""meals"", ""lunch"", ""dinner"", ""entrance_fees"", ""activities""]",,,moderate,group,,,"[""nature"", ""mountain"", ""photography""]",,,
148,tour,21,Tour Sóc Bom Bo – Vườn Điều Bình Phước 1 Ngày,Bình Phước,11.90540000,107.21560000,98000.00,"[""culture"", ""historical"", ""pickup"", ""professional_guide"", ""hotel"", ""breakfast"", ""meals"", ""lunch"", ""dinner"", ""entrance_fees"", ""activities""]",,,easy,group,,,"[""culture"", ""historical""]",,,
149,tour,22,Tour Mũi Né – Đồi Cát Bay 2 Ngày 1 Đêm,Bình Thuận,10.94600000,108.28220000,210000.00,"[""beach"", ""nature"", ""photography"", ""pickup"", ""professional_guide"", ""wifi_on_board"", ""hotel"", ""breakfast"", ""meals"", ""lunch"", ""dinner"", ""entrance_fees"", ""activities""]",,,easy,group,,,"[""beach"", ""nature"", ""photography""]",,,
150,tour,23,Tour Hải Đăng Kê Gà – Biển Bình Thuận 1 Ngày,Bình Thuận,10.78790000,107.72760000,135000.00,"[""beach"", ""historical"", ""pickup"", ""professional_guide"", ""hotel"", ""breakfast"", ""meals"", ""lunch"", ""dinner"", ""entrance_fees"", ""activities""]",,,easy,group,,,"[""beach"", ""historical""]",,,
151,tour,24,Tour Mũi Cà Mau – Đất Mũi 2 Ngày 1 Đêm,Cà Mau,8.63260000,104.72030000,225000.00,"[""nature"", ""wildlife"", ""photography"", ""pickup"", ""professional_guide"", ""boat_trip"", ""hotel"", ""breakfast"", ""meals"", ""lunch"", ""dinner"", ""entrance_fees"", ""activities""]",,,moderate,group,,,"[""nature"", ""wildlife"", ""photography""]",,,
152,tour,25,Tour Rừng U Minh Hạ – Cà Mau 1 Ngày,Cà Mau,9.17640000,104.89470000,87000.00,"[""nature"", ""wildlife"", ""pickup"", ""professional_guide"", ""hotel"", ""breakfast"", ""meals"", ""lunch"", ""dinner"", ""entrance_fees"", ""activities""]",,,easy,group,,,"[""nature"", ""wildlife""]",,,
153,tour,26,Tour Cần Thơ – Chợ Nổi Cái Răng 1 Ngày,Cần Thơ,10.04516200,105.74685700,180000.00,"[""culture"", ""food"", ""city"", ""pickup"", ""guide"", ""meals"", ""guide"", ""entrance_fees""]",,,easy,group,,,"[""culture"", ""food"", ""city""]",,,
154,tour,27,Tour Cần Thơ – Cồn Sơn Trải Nghiệm 2 Ngày,Cần Thơ,10.08651200,105.74621000,230000.00,"[""nature"", ""culture"", ""food"", ""pickup"", ""guide"", ""meals"", ""guide"", ""activities""]",,,easy,group,,,"[""nature"", ""culture"", ""food""]",,,
155,tour,28,Tour Cao Bằng – Thác Bản Giốc 2 Ngày,Cao Bằng,22.85321400,106.72234500,210000.00,"[""nature"", ""adventure"", ""mountain"", ""pickup"", ""guide"", ""meals"", ""guide"", ""entrance_fees""]",,,moderate,group,,,"[""nature"", ""adventure"", ""mountain""]",,,
156,tour,29,Tour Cao Bằng – Hồ Thang Hen 3 Ngày,Cao Bằng,22.78945100,106.55621000,160000.00,"[""nature"", ""mountain"", ""guide"", ""meals"", ""guide""]",,,moderate,group,,,"[""nature"", ""mountain""]",,,
157,tour,30,Tour Đà Nẵng – Bà Nà Hills 1 Ngày,Đà Nẵng,15.99587400,107.99612300,250000.00,"[""city"", ""culture"", ""pickup"", ""guide"", ""meals"", ""guide"", ""entrance_fees""]",,,easy,group,,,"[""city"", ""culture""]",,,
158,tour,31,Tour Đà Nẵng – Ngũ Hành Sơn – Hội An 2 Ngày,Đà Nẵng,15.99532100,108.26354200,190000.00,"[""culture"", ""city"", ""pickup"", ""guide"", ""meals"", ""guide""]",,,easy,group,,,"[""culture"", ""city""]",,,
159,tour,32,Tour Buôn Ma Thuột – Hồ Lắk 2 Ngày,Đắk Lắk,12.66619400,108.03824700,180000.00,"[""culture"", ""nature"", ""mountain"", ""pickup"", ""professional_guide"", ""hotel"", ""breakfast"", ""meals"", ""lunch"", ""dinner"", ""entrance_fees"", ""activities""]",,,moderate,group,,,"[""culture"", ""nature"", ""mountain""]",,,
160,tour,33,Tour Thác Dray Nur – Dray Sáp 1 Ngày,Đắk Lắk,12.48180000,107.98220000,95000.00,"[""nature"", ""photography"", ""pickup"", ""professional_guide"", ""hotel"", ""breakfast"", ""meals"", ""lunch"", ""dinner"", ""entrance_fees"", ""activities""]",,,easy,group,,,"[""nature"", ""photography""]",,,
161,tour,34,Tour Công Viên Địa Chất Đắk Nông 3 Ngày,Đắk Nông,12.00400000,107.69000000,220000.00,"[""adventure"", ""nature"", ""pickup"", ""professional_guide"", ""hotel"", ""breakfast"", ""meals"", ""lunch"", ""dinner"", ""entrance_fees"", ""activities""]",,,hard,group,,,"[""adventure"", ""nature""]",,,
162,tour,35,Tour Hồ Tà Đùng 2 Ngày,Đắk Nông,11.93670000,107.89340000,150000.00,"[""nature"", ""mountain"", ""pickup"", ""professional_guide"", ""hotel"", ""breakfast"", ""meals"", ""lunch"", ""dinner"", ""entrance_fees"", ""activities""]",,,moderate,group,,,"[""nature"", ""mountain""]",,,
163,tour,36,Tour Điện Biên Phủ – Mường Phăng 2 Ngày,Điện Biên,21.38600000,103.02300000,200000.00,"[""historical"", ""culture"", ""pickup"", ""professional_guide"", ""hotel"", ""breakfast"", ""meals"", ""lunch"", ""dinner"", ""entrance_fees"", ""activities""]",,,moderate,group,,,"[""historical"", ""culture""]",,,
164,tour,37,Tour A Pa Chải 3 Ngày,Điện Biên,22.40600000,102.87200000,245000.00,"[""adventure"", ""culture"", ""pickup"", ""professional_guide"", ""hotel"", ""breakfast"", ""meals"", ""lunch"", ""dinner"", ""entrance_fees"", ""activities""]",,,hard,group,,,"[""adventure"", ""culture""]",,,
165,tour,38,Tour Hà Giang – Cao Nguyên Đá Đồng Văn 3 Ngày,Hà Giang,22.82333333,104.98333333,185000.00,"[""nature"", ""culture"", ""mountain"", ""pickup"", ""guide"", ""hotel"", ""meals"", ""transport"", ""guide""]",,,moderate,group,,,"[""nature"", ""culture"", ""mountain""]",,,
166,tour,39,Tour Hà Giang – Sông Nho Quế 2 Ngày,Hà Giang,23.16666667,105.41666667,95000.00,"[""nature"", ""adventure"", ""pickup"", ""transport"", ""guide""]",,,easy,group,,,"[""nature"", ""adventure""]",,,
167,tour,40,Tour Hà Nam – Chùa Tam Chúc 1 Ngày,Hà Nam,20.56666667,105.91666667,80000.00,"[""culture"", ""religious"", ""pickup"", ""transport"", ""guide""]",,,easy,group,,,"[""culture"", ""religious""]",,,
168,tour,41,Tour Hà Nam – Làng Vũ Đại 2 Ngày,Hà Nam,20.58333333,106.05000000,145000.00,"[""culture"", ""food"", ""pickup"", ""transport"", ""guide""]",,,easy,group,,,"[""culture"", ""food""]",,,
169,tour,42,Tour Hà Nội – Phố Cổ – Hồ Gươm 1 Ngày,Hà Nội,21.02851100,105.80481700,90000.00,"[""city"", ""culture"", ""pickup"", ""transport"", ""guide""]",,,easy,group,,,"[""city"", ""culture""]",,,
170,tour,43,Tour Hà Nội – Làng Cổ Đường Lâm 2 Ngày,Hà Nội,21.13888889,105.50416667,210000.00,"[""culture"", ""historical"", ""pickup"", ""transport"", ""guide""]",,,easy,group,,,"[""culture"", ""historical""]",,,
171,tour,44,Tour Hà Tĩnh – Chùa Hương Tích – Biển Thiên Cầm 2 Ngày,Hà Tĩnh,18.35595300,105.88951200,185000.00,"[""culture"", ""beach"", ""nature"", ""religious"", ""pickup"", ""professional_guide"", ""hotel"", ""breakfast"", ""meals"", ""entrance_fees"", ""guide""]",,,moderate,group,,,"[""culture"", ""beach"", ""nature"", ""religious""]",,,
172,tour,45,Tour Hà Tĩnh – Ngã Ba Đồng Lộc – Khu Lưu Niệm Nguyễn Du 1 Ngày,Hà Tĩnh,18.45012000,105.76833000,98000.00,"[""culture"", ""historical"", ""pickup"", ""meals"", ""entrance_fees"", ""guide""]",,,easy,group,,,"[""culture"", ""historical""]",,,
173,tour,46,Tour Hải Dương – Côn Sơn Kiếp Bạc – Đền Chu Văn An 2 Ngày,Hải Dương,21.13250000,106.38560000,210000.00,"[""culture"", ""historical"", ""nature"", ""pickup"", ""professional_guide"", ""hotel"", ""meals"", ""entrance_fees"", ""guide""]",,,moderate,group,,,"[""culture"", ""historical"", ""nature""]",,,
174,tour,47,Tour Hải Dương – Làng Gốm Chu Đậu – Văn Miếu Mao Điền 1 Ngày,Hải Dương,21.02083000,106.30021000,125000.00,"[""culture"", ""historical"", ""pickup"", ""meals"", ""entrance_fees"", ""guide""]",,,easy,group,,,"[""culture"", ""historical""]",,,
175,tour,48,Tour Hải Phòng – Đồ Sơn – Dinh Bảo Đại 2 Ngày,Hải Phòng,20.71045000,106.79895000,230000.00,"[""beach"", ""city"", ""historical"", ""pickup"", ""professional_guide"", ""hotel"", ""meals"", ""entrance_fees"", ""guide""]",,,easy,group,,,"[""beach"", ""city"", ""historical""]",,,
176,tour,49,Tour Hải Phòng – Trung Tâm Thành Phố – Bảo Tàng Hải Quân 1 Ngày,Hải Phòng,20.85611000,106.68222000,89000.00,"[""city"", ""culture"", ""historical"", ""pickup"", ""meals"", ""entrance_fees"", ""guide""]",,,easy,group,,,"[""city"", ""culture"", ""historical""]",,,
177,tour,50,Tour Hậu Giang – Chợ Nổi Ngã Bảy & Miệt Vườn 1 Ngày,Hậu Giang,9.81973900,105.81745900,180000.00,"[""culture"", ""nature"", ""food"", ""pickup"", ""professional_guide"", ""hotel"", ""meals"", ""transport"", ""guide""]",,,easy,group,,,"[""culture"", ""nature"", ""food""]",,,
178,tour,51,Tour Hậu Giang – Sinh Thái Lung Ngọc Hoàng 2 Ngày,Hậu Giang,9.72638900,105.67861100,230000.00,"[""nature"", ""wildlife"", ""pickup"", ""professional_guide"", ""hotel"", ""meals"", ""transport"", ""guide""]",,,moderate,group,,,"[""nature"", ""wildlife""]",,,
179,tour,52,Tour TP.HCM – City Tour Văn Hóa & Lịch Sử 1 Ngày,TP. Hồ Chí Minh,10.77688900,106.70080600,150000.00,"[""city"", ""historical"", ""culture"", ""pickup"", ""professional_guide"", ""transport"", ""guide"", ""entrance_fees""]",,,easy,group,,,"[""city"", ""historical"", ""culture""]",,,
180,tour,53,Tour TP.HCM – Địa Đạo Củ Chi 1 Ngày,TP. Hồ Chí Minh,11.02555600,106.49444400,200000.00,"[""historical"", ""culture"", ""pickup"", ""professional_guide"", ""transport"", ""guide"", ""entrance_fees""]",,,moderate,group,,,"[""historical"", ""culture""]",,,
181,tour,54,Tour Hòa Bình – Mai Châu Bản Lác 2 Ngày,Hòa Bình,20.66027800,105.10555600,220000.00,"[""nature"", ""culture"", ""mountain"", ""pickup"", ""professional_guide"", ""hotel"", ""meals"", ""transport"", ""guide""]",,,easy,group,,,"[""nature"", ""culture"", ""mountain""]",,,
182,tour,55,Tour Hòa Bình – Thủy Điện & Hồ Sông Đà 1 Ngày,Hòa Bình,20.81722200,105.33750000,90000.00,"[""nature"", ""mountain"", ""pickup"", ""professional_guide"", ""transport"", ""guide""]",,,easy,group,,,"[""nature"", ""mountain""]",,,
183,tour,56,Tour Phố Hiến – Văn Miếu Xích Đằng 1 Ngày,Hưng Yên,20.64690000,106.05100000,145000.00,"[""culture"", ""historical"", ""city"", ""pickup"", ""professional_guide"", ""hotel"", ""breakfast"", ""meals"", ""lunch"", ""dinner"", ""entrance_fees"", ""activities""]",,,easy,group,,,"[""culture"", ""historical"", ""city""]",,,
184,tour,57,Tour Làng Nôm – Chùa Chuông 2 Ngày 1 Đêm,Hưng Yên,20.98560000,106.03840000,210000.00,"[""culture"", ""nature"", ""historical"", ""pickup"", ""professional_guide"", ""hotel"", ""breakfast"", ""meals"", ""lunch"", ""dinner"", ""entrance_fees"", ""activities""]",,,moderate,group,,,"[""culture"", ""nature"", ""historical""]",,,
185,tour,58,Tour Nha Trang – Tháp Bà Ponagar 1 Ngày,Khánh Hòa,12.23880000,109.19670000,180000.00,"[""beach"", ""culture"", ""city"", ""pickup"", ""professional_guide"", ""hotel"", ""breakfast"", ""meals"", ""lunch"", ""dinner"", ""entrance_fees"", ""activities""]",,,easy,group,,,"[""beach"", ""culture"", ""city""]",,,
186,tour,59,Tour Vịnh Ninh Vân – Dốc Lết 3 Ngày 2 Đêm,Khánh Hòa,12.45000000,109.30000000,245000.00,"[""beach"", ""nature"", ""resort"", ""pickup"", ""professional_guide"", ""hotel"", ""breakfast"", ""meals"", ""lunch"", ""dinner"", ""entrance_fees"", ""activities""]",,,moderate,group,,,"[""beach"", ""nature"", ""resort""]",,,
187,tour,60,Tour Phú Quốc – Bãi Sao 2 Ngày 1 Đêm,Kiên Giang,10.28990000,103.98400000,230000.00,"[""beach"", ""island"", ""nature"", ""pickup"", ""professional_guide"", ""hotel"", ""breakfast"", ""meals"", ""lunch"", ""dinner"", ""entrance_fees"", ""activities""]",,,easy,group,,,"[""beach"", ""island"", ""nature""]",,,
188,tour,61,Tour Hà Tiên – Thạch Động 1 Ngày,Kiên Giang,10.38330000,104.48700000,95000.00,"[""nature"", ""historical"", ""city"", ""pickup"", ""professional_guide"", ""hotel"", ""breakfast"", ""meals"", ""lunch"", ""dinner"", ""entrance_fees"", ""activities""]",,,moderate,group,,,"[""nature"", ""historical"", ""city""]",,,
189,tour,62,Tour Kon Tum – Nhà Rông – Cầu Treo Kon Klor 2 Ngày,Kon Tum,14.35450000,108.00760000,185000.00,"[""culture"", ""nature"", ""historical"", ""pickup"", ""professional_guide"", ""hotel"", ""meals"", ""transport"", ""guide""]",,,easy,group,,,"[""culture"", ""nature"", ""historical""]",,,
190,tour,63,Tour Kon Tum – Măng Đen Sinh Thái 3 Ngày,Kon Tum,14.63090000,108.28480000,230000.00,"[""nature"", ""relax"", ""pickup"", ""professional_guide"", ""hotel"", ""meals"", ""transport"", ""guide""]",,,moderate,group,,,"[""nature"", ""relax""]",,,
191,tour,64,Tour Lai Châu – Đèo Ô Quy Hồ – Bản Làng 2 Ngày,Lai Châu,22.38620000,103.47030000,145000.00,"[""mountain"", ""culture"", ""pickup"", ""professional_guide"", ""hotel"", ""meals"", ""transport"", ""guide""]",,,moderate,group,,,"[""mountain"", ""culture""]",,,
192,tour,65,Tour Lai Châu – Sin Suối Hồ 3 Ngày,Lai Châu,22.54490000,103.48010000,210000.00,"[""adventure"", ""culture"", ""nature"", ""pickup"", ""professional_guide"", ""hotel"", ""meals"", ""transport"", ""guide""]",,,hard,group,,,"[""adventure"", ""culture"", ""nature""]",,,
193,tour,66,Tour Đà Lạt – Hồ Tuyền Lâm – Thiền Viện 2 Ngày,Lâm Đồng,11.94040000,108.45830000,165000.00,"[""relax"", ""nature"", ""pickup"", ""professional_guide"", ""hotel"", ""meals"", ""transport"", ""guide""]",,,easy,group,,,"[""relax"", ""nature""]",,,
194,tour,67,Tour Đà Lạt – Langbiang – Thác Datanla 3 Ngày,Lâm Đồng,12.00450000,108.44460000,245000.00,"[""nature"", ""adventure"", ""pickup"", ""professional_guide"", ""hotel"", ""meals"", ""transport"", ""guide""]",,,moderate,group,,,"[""nature"", ""adventure""]",,,
195,tour,68,Tour Lạng Sơn – Ải Chi Lăng – Động Tam Thanh 2 Ngày,Lạng Sơn,21.85370000,106.76150000,180000.00,"[""culture"", ""historical"", ""nature"", ""pickup"", ""professional_guide"", ""hotel"", ""meals"", ""transport"", ""guide""]",,,moderate,group,,,"[""culture"", ""historical"", ""nature""]",,,
196,tour,69,Tour Lạng Sơn – Mẫu Sơn 3 Ngày,Lạng Sơn,21.94790000,106.85520000,230000.00,"[""nature"", ""mountain"", ""adventure"", ""pickup"", ""hotel"", ""meals"", ""transport""]",,,hard,group,,,"[""nature"", ""mountain"", ""adventure""]",,,
197,tour,70,Tour Lào Cai – Sa Pa – Bản Cát Cát 3 Ngày,Lào Cai,22.34000000,103.84400000,210000.00,"[""nature"", ""culture"", ""mountain"", ""pickup"", ""professional_guide"", ""hotel"", ""meals"", ""guide""]",,,moderate,group,,,"[""nature"", ""culture"", ""mountain""]",,,
198,tour,71,Tour Lào Cai – Fansipan 2 Ngày,Lào Cai,22.30450000,103.80400000,250000.00,"[""adventure"", ""mountain"", ""pickup"", ""transport"", ""guide""]",,,hard,group,,,"[""adventure"", ""mountain""]",,,
199,tour,72,Tour Long An – Làng Nổi Tân Lập 1 Ngày,Long An,10.66750000,106.10780000,90000.00,"[""nature"", ""ecotourism"", ""pickup"", ""transport"", ""entrance_fees""]",,,easy,group,,,"[""nature"", ""ecotourism""]",,,
200,tour,73,Tour Long An – Nhà Trăm Cột – Đồng Tháp Mười 2 Ngày,Long An,10.53720000,106.61230000,160000.00,"[""culture"", ""nature"", ""pickup"", ""hotel"", ""transport""]",,,easy,group,,,"[""culture"", ""nature""]",,,
201,tour,74,Tour Nam Định – Phủ Dầy – Nhà Thờ Đá 1 Ngày,Nam Định,20.36542100,106.16012300,180000.00,"[""culture"", ""religious"", ""historical"", ""pickup"", ""professional_guide"", ""meals"", ""entrance_fees"", ""guide""]",,,easy,group,,,"[""culture"", ""religious"", ""historical""]",,,
202,tour,75,Tour Nam Định – Biển Thịnh Long 2 Ngày,Nam Định,20.08321400,106.28145600,230000.00,"[""beach"", ""food"", ""nature"", ""pickup"", ""hotel"", ""meals"", ""transport""]",,,easy,group,,,"[""beach"", ""food"", ""nature""]",,,
203,tour,76,Tour Nghệ An – Quê Bác – Làng Sen 1 Ngày,Nghệ An,18.67124500,105.56789000,150000.00,"[""culture"", ""historical"", ""pickup"", ""guide"", ""meals"", ""entrance_fees""]",,,easy,group,,,"[""culture"", ""historical""]",,,
204,tour,77,Tour Nghệ An – Biển Cửa Lò 2 Ngày,Nghệ An,18.80432100,105.72845600,240000.00,"[""beach"", ""food"", ""pickup"", ""hotel"", ""meals""]",,,easy,group,,,"[""beach"", ""food""]",,,
205,tour,78,Tour Ninh Bình – Tràng An – Bái Đính 1 Ngày,Ninh Bình,20.25078900,105.97432100,200000.00,"[""culture"", ""nature"", ""historical"", ""pickup"", ""guide"", ""meals"", ""entrance_fees""]",,,easy,group,,,"[""culture"", ""nature"", ""historical""]",,,
206,tour,79,Tour Ninh Bình – Tam Cốc – Hang Múa 2 Ngày,Ninh Bình,20.21456700,105.93123400,220000.00,"[""nature"", ""adventure"", ""photography"", ""pickup"", ""hotel"", ""meals""]",,,moderate,group,,,"[""nature"", ""adventure"", ""photography""]",,,
207,tour,80,Tour Ninh Thuận – Vịnh Vĩnh Hy – Hang Rái 1 Ngày,Ninh Thuận,11.73972200,109.20583300,180000.00,"[""nature"", ""beach"", ""photography"", ""pickup"", ""professional_guide"", ""hotel"", ""meals"", ""transport"", ""guide"", ""entrance_fees""]",,,easy,group,,,"[""nature"", ""beach"", ""photography""]",,,
208,tour,81,Tour Ninh Thuận – Tháp Po Klong Garai – Làng Gốm Bàu Trúc 2 Ngày,Ninh Thuận,11.57416700,108.98888900,230000.00,"[""culture"", ""historical"", ""pickup"", ""professional_guide"", ""hotel"", ""meals"", ""transport"", ""guide""]",,,moderate,group,,,"[""culture"", ""historical""]",,,
209,tour,82,Tour Phú Thọ – Đền Hùng – Suối Khoáng Thanh Thủy 1 Ngày,Phú Thọ,21.32916700,105.37277800,150000.00,"[""historical"", ""culture"", ""relax"", ""pickup"", ""professional_guide"", ""transport"", ""guide"", ""entrance_fees""]",,,easy,group,,,"[""historical"", ""culture"", ""relax""]",,,
210,tour,83,Tour Phú Thọ – Vườn Quốc Gia Xuân Sơn 2 Ngày,Phú Thọ,21.09361100,104.97888900,210000.00,"[""nature"", ""adventure"", ""pickup"", ""professional_guide"", ""hotel"", ""meals"", ""transport"", ""guide""]",,,hard,group,,,"[""nature"", ""adventure""]",,,
211,tour,84,Tour Phú Yên – Gành Đá Đĩa – Đầm Ô Loan 1 Ngày,Phú Yên,13.34805600,109.28361100,170000.00,"[""beach"", ""nature"", ""photography"", ""pickup"", ""professional_guide"", ""transport"", ""guide"", ""entrance_fees""]",,,easy,group,,,"[""beach"", ""nature"", ""photography""]",,,
212,tour,85,Tour Phú Yên – Hải Đăng Đại Lãnh – Bãi Môn 2 Ngày,Phú Yên,12.87388900,109.45472200,240000.00,"[""beach"", ""adventure"", ""pickup"", ""professional_guide"", ""hotel"", ""meals"", ""transport"", ""guide""]",,,moderate,group,,,"[""beach"", ""adventure""]",,,
213,tour,86,Tour Phong Nha – Động Thiên Đường 2 Ngày 1 Đêm,Quảng Bình,17.59020000,106.28330000,185000.00,"[""nature"", ""adventure"", ""cave"", ""pickup"", ""professional_guide"", ""hotel"", ""meals"", ""transport"", ""guide"", ""entrance_fees""]",,,moderate,group,,,"[""nature"", ""adventure"", ""cave""]",,,
214,tour,87,Tour Biển Nhật Lệ – Suối Moọc 1 Ngày,Quảng Bình,17.46890000,106.62360000,95000.00,"[""beach"", ""nature"", ""pickup"", ""meals"", ""transport"", ""entrance_fees""]",,,easy,group,,,"[""beach"", ""nature""]",,,
215,tour,88,Tour Hội An – Cù Lao Chàm 2 Ngày 1 Đêm,Quảng Nam,15.88010000,108.33800000,210000.00,"[""culture"", ""beach"", ""pickup"", ""boat_transfer"", ""hotel"", ""meals"", ""transport"", ""guide""]",,,easy,group,,,"[""culture"", ""beach""]",,,
216,tour,89,Tour Mỹ Sơn – Làng Quê Quảng Nam 1 Ngày,Quảng Nam,15.77190000,108.11300000,88000.00,"[""culture"", ""historical"", ""pickup"", ""meals"", ""transport"", ""entrance_fees""]",,,easy,group,,,"[""culture"", ""historical""]",,,
217,tour,90,Tour Đảo Lý Sơn 2 Ngày 1 Đêm,Quảng Ngãi,15.38160000,109.10960000,230000.00,"[""beach"", ""island"", ""nature"", ""pickup"", ""boat_transfer"", ""hotel"", ""meals"", ""transport"", ""guide""]",,,moderate,group,,,"[""beach"", ""island"", ""nature""]",,,
218,tour,91,Tour Núi Thiên Ấn – Sông Trà 1 Ngày,Quảng Ngãi,15.12140000,108.80480000,80000.00,"[""nature"", ""city"", ""pickup"", ""meals"", ""transport""]",,,easy,group,,,"[""nature"", ""city""]",,,
219,tour,92,Tour Vịnh Hạ Long – Hang Sửng Sốt 1 Ngày,Quảng Ninh,20.91005100,107.18390200,180000.00,"[""nature"", ""adventure"", ""sea"", ""photography"", ""pickup"", ""professional_guide"", ""hotel"", ""meals"", ""transport"", ""guide"", ""entrance_fees""]",,,easy,group,,,"[""nature"", ""adventure"", ""sea"", ""photography""]",,,
220,tour,93,Tour Yên Tử – Chùa Đồng 2 Ngày 1 Đêm,Quảng Ninh,21.08409500,106.71647500,230000.00,"[""culture"", ""religious"", ""mountain"", ""pickup"", ""professional_guide"", ""hotel"", ""meals"", ""transport"", ""guide""]",,,moderate,group,,,"[""culture"", ""religious"", ""mountain""]",,,
221,tour,94,Tour Thành Cổ Quảng Trị – Sông Thạch Hãn 1 Ngày,Quảng Trị,16.74698000,107.18594000,95000.00,"[""historical"", ""culture"", ""professional_guide"", ""transport"", ""guide"", ""entrance_fees""]",,,easy,group,,,"[""historical"", ""culture""]",,,
222,tour,95,Tour Địa Đạo Vịnh Mốc – Cửa Tùng 2 Ngày,Quảng Trị,17.08861100,107.06527800,210000.00,"[""historical"", ""beach"", ""pickup"", ""professional_guide"", ""hotel"", ""meals"", ""transport"", ""guide""]",,,moderate,group,,,"[""historical"", ""beach""]",,,
223,tour,96,Tour Chùa Dơi – Chùa Đất Sét 1 Ngày,Sóc Trăng,9.60330000,105.97390000,80000.00,"[""culture"", ""religious"", ""professional_guide"", ""transport"", ""guide""]",,,easy,group,,,"[""culture"", ""religious""]",,,
224,tour,97,Tour Cồn Mỹ Phước – Ẩm Thực Sóc Trăng 2 Ngày,Sóc Trăng,9.82000000,105.94000000,195000.00,"[""food"", ""nature"", ""pickup"", ""professional_guide"", ""hotel"", ""meals"", ""transport"", ""guide""]",,,easy,group,,,"[""food"", ""nature""]",,,
225,tour,98,Tour Mộc Châu – Thác Dải Yếm – Đồi Chè Trái Tim 2 Ngày,Sơn La,21.31690000,103.90010000,180000.00,"[""nature"", ""mountain"", ""culture"", ""pickup"", ""guide"", ""hotel"", ""meals"", ""transport"", ""guide""]",,,moderate,group,,,"[""nature"", ""mountain"", ""culture""]",,,
226,tour,99,Tour Sơn La – Nhà Tù Sơn La – Suối Nước Nóng 1 Ngày,Sơn La,21.32560000,103.91880000,120000.00,"[""historical"", ""relax"", ""pickup"", ""transport"", ""guide""]",,,easy,group,,,"[""historical"", ""relax""]",,,
227,tour,100,Tour Núi Bà Đen – Tòa Thánh Cao Đài 1 Ngày,Tây Ninh,11.37630000,106.16200000,150000.00,"[""religious"", ""nature"", ""pickup"", ""transport"", ""guide""]",,,moderate,group,,,"[""religious"", ""nature""]",,,
228,tour,101,Tour Hồ Dầu Tiếng – Vườn Trái Cây Tây Ninh 2 Ngày,Tây Ninh,11.40250000,106.35090000,210000.00,"[""nature"", ""food"", ""pickup"", ""hotel"", ""meals"", ""transport""]",,,easy,group,,,"[""nature"", ""food""]",,,
229,tour,102,Tour Biển Đồng Châu – Làng Nghề Thái Bình 1 Ngày,Thái Bình,20.37740000,106.55220000,90000.00,"[""beach"", ""culture"", ""pickup"", ""transport"", ""guide""]",,,easy,group,,,"[""beach"", ""culture""]",,,
230,tour,103,Tour Thái Bình – Chùa Keo – Sinh Thái Đồng Quê 2 Ngày,Thái Bình,20.45120000,106.36070000,160000.00,"[""historical"", ""culture"", ""nature"", ""pickup"", ""hotel"", ""meals"", ""transport"", ""guide""]",,,easy,group,,,"[""historical"", ""culture"", ""nature""]",,,
231,tour,104,Tour Hồ Núi Cốc – ATK Định Hóa 2 Ngày,Thái Nguyên,21.60080000,105.84310000,185000.00,"[""culture"", ""nature"", ""historical"", ""pickup"", ""professional_guide"", ""hotel"", ""meals"", ""transport"", ""guide""]",,,easy,group,,,"[""culture"", ""nature"", ""historical""]",,,
232,tour,105,Tour Thái Nguyên – Đồi Chè Tân Cương 1 Ngày,Thái Nguyên,21.55890000,105.76430000,95000.00,"[""culture"", ""nature"", ""pickup"", ""hotel"", ""meals"", ""transport"", ""guide""]",,,easy,group,,,"[""culture"", ""nature""]",,,
233,tour,106,Tour Thành Nhà Hồ – Suối Cá Cẩm Lương 2 Ngày,Thanh Hóa,20.07850000,105.60420000,210000.00,"[""culture"", ""historical"", ""nature"", ""pickup"", ""professional_guide"", ""hotel"", ""meals"", ""transport"", ""guide""]",,,moderate,group,,,"[""culture"", ""historical"", ""nature""]",,,
234,tour,107,Tour Biển Sầm Sơn 1 Ngày,Thanh Hóa,19.74890000,105.90250000,88000.00,"[""beach"", ""nature"", ""pickup"", ""hotel"", ""meals"", ""transport"", ""guide""]",,,easy,group,,,"[""beach"", ""nature""]",,,
235,tour,108,Tour Đại Nội – Chùa Thiên Mụ 1 Ngày,Thừa Thiên Huế,16.46370000,107.59090000,120000.00,"[""culture"", ""historical"", ""pickup"", ""professional_guide"", ""hotel"", ""meals"", ""transport"", ""guide""]",,,easy,group,,,"[""culture"", ""historical""]",,,
236,tour,109,Tour Huế – Lăng Khải Định – Lăng Minh Mạng 2 Ngày,Thừa Thiên Huế,16.40800000,107.56230000,230000.00,"[""culture"", ""historical"", ""pickup"", ""professional_guide"", ""hotel"", ""meals"", ""transport"", ""guide""]",,,moderate,group,,,"[""culture"", ""historical""]",,,
237,tour,110,Tour Mỹ Tho – Cồn Thới Sơn 1 Ngày,Tiền Giang,10.36054600,106.36598600,180000.00,"[""culture"", ""food"", ""nature"", ""river"", ""pickup"", ""professional_guide"", ""boat_trip"", ""wifi_on_board"", ""hotel"", ""breakfast"", ""meals"", ""lunch"", ""dinner"", ""entrance_fees"", ""activities""]",,,easy,group,,,"[""culture"", ""food"", ""nature"", ""river""]",,,
238,tour,111,Tour Tiền Giang – Chợ Nổi Cái Bè 2 Ngày,Tiền Giang,10.40322100,105.94611000,240000.00,"[""culture"", ""food"", ""nature"", ""river"", ""pickup"", ""professional_guide"", ""boat_trip"", ""hotel"", ""breakfast"", ""meals"", ""lunch"", ""dinner"", ""entrance_fees"", ""activities""]",,,moderate,group,,,"[""culture"", ""food"", ""nature"", ""river""]",,,
239,tour,112,Tour Ao Bà Om – Chùa Âng 1 Ngày,Trà Vinh,9.94774000,106.34252000,150000.00,"[""culture"", ""historical"", ""religious"", ""pickup"", ""professional_guide"", ""hotel"", ""breakfast"", ""meals"", ""lunch"", ""dinner"", ""entrance_fees"", ""activities""]",,,easy,group,,,"[""culture"", ""historical"", ""religious""]",,,
240,tour,113,Tour Trà Vinh – Làng Văn Hóa Khmer 2 Ngày,Trà Vinh,9.86743000,106.06482000,220000.00,"[""culture"", ""food"", ""historical"", ""pickup"", ""professional_guide"", ""hotel"", ""breakfast"", ""meals"", ""lunch"", ""dinner"", ""entrance_fees"", ""activities""]",,,moderate,group,,,"[""culture"", ""food"", ""historical""]",,,
241,tour,114,Tour Na Hang – Lâm Bình 2 Ngày,Tuyên Quang,22.48552000,105.36298000,200000.00,"[""nature"", ""mountain"", ""adventure"", ""pickup"", ""professional_guide"", ""boat_trip"", ""hotel"", ""breakfast"", ""meals"", ""lunch"", ""dinner"", ""entrance_fees"", ""activities""]",,,moderate,group,,,"[""nature"", ""mountain"", ""adventure""]",,,
242,tour,115,Tour Tân Trào – ATK Tuyên Quang 1 Ngày,Tuyên Quang,21.63921000,105.29254000,90000.00,"[""historical"", ""culture"", ""pickup"", ""professional_guide"", ""hotel"", ""breakfast"", ""meals"", ""lunch"", ""dinner"", ""entrance_fees"", ""activities""]",,,easy,group,,,"[""historical"", ""culture""]",,,
243,tour,116,Tour khám phá Vĩnh Long 1 Ngày,Vĩnh Long,10.24475000,105.96444400,115494.00,"[""culture"", ""nature"", ""pickup"", ""guide"", ""hotel"", ""meals"", ""transport""]",,,easy,group,,,"[""culture"", ""nature""]",,,
244,tour,117,Tour sinh thái Vĩnh Long 2 Ngày,Vĩnh Long,10.21500000,105.92600000,180005.00,"[""nature"", ""adventure"", ""guide"", ""transport"", ""hotel"", ""meals"", ""transport""]",,,moderate,group,,,"[""nature"", ""adventure""]",,,
245,tour,118,Tour Vĩnh Phúc 1 Ngày,Vĩnh Phúc,21.30800000,105.59800000,133544.00,"[""culture"", ""historical"", ""guide"", ""pickup"", ""hotel"", ""meals"", ""transport""]",,,easy,group,,,"[""culture"", ""historical""]",,,
246,tour,119,Tour sinh thái Vĩnh Phúc 2 Ngày,Vĩnh Phúc,21.44900000,105.60900000,217707.00,"[""nature"", ""adventure"", ""guide"", ""transport"", ""hotel"", ""meals"", ""transport""]",,,moderate,group,,,"[""nature"", ""adventure""]",,,
247,tour,120,Tour Yên Bái 1 Ngày,Yên Bái,21.69800000,104.89000000,97904.00,"[""culture"", ""nature"", ""guide"", ""pickup"", ""hotel"", ""meals"", ""transport""]",,,easy,group,,,"[""culture"", ""nature""]",,,
248,tour,121,Tour sinh thái Yên Bái 3 Ngày,Yên Bái,21.67500000,104.88700000,96397.00,"[""nature"", ""adventure"", ""guide"", ""transport"", ""hotel"", ""meals"", ""transport""]",,,moderate,group,,,"[""nature"", ""adventure""]",,,
249,tour,122,Tour Đồng Nai – Thác Giang Điền – Vườn Quốc Gia Cát Tiên 2 Ngày,Đồng Nai,10.93800000,106.82500000,180000.00,"[""nature"", ""adventure"", ""wildlife"", ""pickup"", ""professional_guide"", ""hotel"", ""meals"", ""transport""]",,,moderate,group,,,"[""nature"", ""adventure"", ""wildlife""]",,,
250,tour,123,Tour Đồng Nai – Hồ Trị An – Làng Bưởi Tân Triều 1 Ngày,Đồng Nai,11.01000000,107.00000000,95000.00,"[""nature"", ""food"", ""culture"", ""pickup"", ""professional_guide"", ""hotel"", ""meals"", ""transport""]",,,easy,group,,,"[""nature"", ""food"", ""culture""]",,,
251,tour,124,Tour Đồng Tháp – Làng Hoa Sa Đéc – Tràm Chim 2 Ngày,Đồng Tháp,10.24000000,105.74300000,200000.00,"[""nature"", ""culture"", ""photography"", ""pickup"", ""professional_guide"", ""hotel"", ""meals"", ""transport""]",,,moderate,group,,,"[""nature"", ""culture"", ""photography""]",,,
252,tour,125,Tour Đồng Tháp – Sa Đéc – Cao Lãnh 1 Ngày,Đồng Tháp,10.35000000,105.65000000,120000.00,"[""nature"", ""food"", ""culture"", ""pickup"", ""professional_guide"", ""hotel"", ""meals"", ""transport""]",,,easy,group,,,"[""nature"", ""food"", ""culture""]",,,
253,tour,126,Tour Gia Lai – Biển Hồ Pleiku – Thác Phú Cường 3 Ngày,Gia Lai,13.98300000,108.00000000,220000.00,"[""nature"", ""culture"", ""adventure"", ""pickup"", ""professional_guide"", ""hotel"", ""meals"", ""transport""]",,,hard,group,,,"[""nature"", ""culture"", ""adventure""]",,,
254,tour,127,Tour Gia Lai – Kon Tum – Chư Mom Ray 2 Ngày,Gia Lai,14.00000000,107.90000000,185000.00,"[""nature"", ""culture"", ""adventure"", ""pickup"", ""professional_guide"", ""hotel"", ""meals"", ""transport""]",,,moderate,group,,,"[""nature"", ""culture"", ""adventure""]",,,
1,hotel,1,Riverside Boutique Hotel,An Giang,10.68473694,105.07330460,200000.00,"[1, 3, 5, 7, 9, 11, 13, 15, 17, 19, 21, 23, 25, 27, 29, 31, 33, 35, 34, 32, 30, 28, 26, 24, 22, 20, 18, 16, 14, 12, 10, 8, 6, 4, 2]",3,hotel,,,,"[1, 3, 5, 7, 9, 11, 13, 15, 17, 19, 21, 23, 25, 27, 29, 31, 33, 35, 34, 32, 30, 28, 26, 24, 22, 20, 18, 16, 14, 12, 10, 8, 6, 4, 2]",,,,
2,hotel,5,An Giang Riverside Hotel,An Giang,10.68473694,105.07330460,786500.00,"[1, 3, 5, 7, 9, 11, 13, 15, 17, 19, 21, 23, 25, 27, 29, 31, 33, 35, 34, 32, 30, 28, 26, 24, 22, 20, 18, 16, 14, 12, 10, 8, 6, 4, 2]",4,hotel,,,,"[1, 3, 5, 7, 9, 11, 13, 15, 17, 19, 21, 23, 25, 27, 29, 31, 33, 35, 34, 32, 30, 28, 26, 24, 22, 20, 18, 16, 14, 12, 10, 8, 6, 4, 2]",,,,
3,hotel,6,Boutique An Giang,An Giang,10.68250000,105.07400000,1234500.00,"[1, 3, 5, 7, 9, 11, 13, 15, 17, 19, 21, 23, 25, 27, 29, 31, 33, 35, 34, 32, 30, 28, 26, 24, 22, 20, 18, 16, 14, 12, 10, 8, 6, 4, 2]",5,hotel,,,,"[1, 3, 5, 7, 9, 11, 13, 15, 17, 19, 21, 23, 25, 27, 29, 31, 33, 35, 34, 32, 30, 28, 26, 24, 22, 20, 18, 16, 14, 12, 10, 8, 6, 4, 2]",,,,
4,hotel,7,Vũng Tàu Seaside Hotel,Bà Rịa - Vũng Tàu,10.58000000,107.10000000,954000.00,"[1, 3, 5, 7, 9, 11, 13, 15, 17, 19, 21, 23, 25, 27, 29, 31, 33, 35, 34, 32, 30, 28, 26, 24, 22, 20, 18, 16, 14, 12, 10, 8, 6, 4, 2]",4,hotel,,,,"[1, 3, 5, 7, 9, 11, 13, 15, 17, 19, 21, 23, 25, 27, 29, 31, 33, 35, 34, 32, 30, 28, 26, 24, 22, 20, 18, 16, 14, 12, 10, 8, 6, 4, 2]",,,,
5,hotel,8,Boutique Vũng Tàu,Bà Rịa - Vũng Tàu,10.58300000,107.10200000,1100000.00,"[1, 3, 5, 7, 9, 11, 13, 15, 17, 19, 21, 23, 25, 27, 29, 31, 33, 35, 34, 32, 30, 28, 26, 24, 22, 20, 18, 16, 14, 12, 10, 8, 6, 4, 2]",5,hotel,,,,"[1, 3, 5, 7, 9, 11, 13, 15, 17, 19, 21, 23, 25, 27, 29, 31, 33, 35, 34, 32, 30, 28, 26, 24, 22, 20, 18, 16, 14, 12, 10, 8, 6, 4, 2]",,,,
6,hotel,9,Bắc Giang Central Hotel,Bắc Giang,21.29000000,106.20000000,650000.00,"[1, 3, 5, 7, 9, 11, 13, 15, 17, 19, 21, 23, 25, 27, 29, 31, 33, 35, 34, 32, 30, 28, 26, 24, 22, 20, 18, 16, 14, 12, 10, 8, 6, 4, 2]",3,hotel,,,,"[1, 3, 5, 7, 9, 11, 13, 15, 17, 19, 21, 23, 25, 27, 29, 31, 33, 35, 34, 32, 30, 28, 26, 24, 22, 20, 18, 16, 14, 12, 10, 8, 6, 4, 2]",,,,
7,hotel,10,Boutique Bắc Giang,Bắc Giang,21.29300000,106.20300000,1400000.00,"[1, 3, 5, 7, 9, 11, 13, 15, 17, 19, 21, 23, 25, 27, 29, 31, 33, 35, 34, 32, 30, 28, 26, 24, 22, 20, 18, 16, 14, 12, 10, 8, 6, 4, 2]",5,hotel,,,,"[1, 3, 5, 7, 9, 11, 13, 15, 17, 19, 21, 23, 25, 27, 29, 31, 33, 35, 34, 32, 30, 28, 26, 24, 22, 20, 18, 16, 14, 12, 10, 8, 6, 4, 2]",,,,
8,hotel,11,Mountain View Hotel Bắc Kạn,Bắc Kạn,22.15123456,105.83765432,666320.00,"[1, 3, 5, 7, 9, 11, 13, 15, 17, 19, 21, 23, 25, 27, 29, 31, 33, 35, 34, 32, 30, 28, 26, 24, 22, 20, 18, 16, 14, 12, 10, 8, 6, 4, 2]",4,hotel,,,,"[1, 3, 5, 7, 9, 11, 13, 15, 17, 19, 21, 23, 25, 27, 29, 31, 33, 35, 34, 32, 30, 28, 26, 24, 22, 20, 18, 16, 14, 12, 10, 8, 6, 4, 2]",,,,
9,hotel,12,Lakeside Resort Bắc Kạn,Bắc Kạn,22.20012345,105.80098765,712228.00,"[1, 3, 5, 7, 9, 11, 13, 15, 17, 19, 21, 23, 25, 27, 29, 31, 33, 35, 34, 32, 30, 28, 26, 24, 22, 20, 18, 16, 14, 12, 10, 8, 6, 4, 2]",5,resort,,,,"[1, 3, 5, 7, 9, 11, 13, 15, 17, 19, 21, 23, 25, 27, 29, 31, 33, 35, 34, 32, 30, 28, 26, 24, 22, 20, 18, 16, 14, 12, 10, 8, 6, 4, 2]",,,,
10,hotel,13,Seaside Hotel Bạc Liêu,Bạc Liêu,9.29123456,105.72098765,1035453.00,"[1, 3, 5, 7, 9, 11, 13, 15, 17, 19, 21, 23, 25, 27, 29, 31, 33, 35, 34, 32, 30, 28, 26, 24, 22, 20, 18, 16, 14, 12, 10, 8, 6, 4, 2]",4,hotel,,,,"[1, 3, 5, 7, 9, 11, 13, 15, 17, 19, 21, 23, 25, 27, 29, 31, 33, 35, 34, 32, 30, 28, 26, 24, 22, 20, 18, 16, 14, 12, 10, 8, 6, 4, 2]",,,,
11,hotel,14,City Center Hotel Bạc Liêu,Bạc Liêu,9.29012345,105.73087654,763561.00,"[1, 3, 5, 7, 9, 11, 13, 15, 17, 19, 21, 23, 25, 27, 29, 31, 33, 35, 34, 32, 30, 28, 26, 24, 22, 20, 18, 16, 14, 12, 10, 8, 6, 4, 2]",3,hotel,,,,"[1, 3, 5, 7, 9, 11, 13, 15, 17, 19, 21, 23, 25, 27, 29, 31, 33, 35, 34, 32, 30, 28, 26, 24, 22, 20, 18, 16, 14, 12, 10, 8, 6, 4, 2]",,,,
12,hotel,15,Royal Palace Hotel Bắc Ninh,Bắc Ninh,21.13678901,106.07234567,688579.00,"[1, 3, 5, 7, 9, 11, 13, 15, 17, 19, 21, 23, 25, 27, 29, 31, 33, 35, 34, 32, 30, 28, 26, 24, 22, 20, 18, 16, 14, 12, 10, 8, 6, 4, 2]",5,hotel,,,,"[1, 3, 5, 7, 9, 11, 13, 15, 17, 19, 21, 23, 25, 27, 29, 31, 33, 35, 34, 32, 30, 28, 26, 24, 22, 20, 18, 16, 14, 12, 10, 8, 6, 4, 2]",,,,
13,hotel,16,Green Garden Hotel Bắc Ninh,Bắc Ninh,21.15098765,106.07012345,710969.00,"[1, 3, 5, 7, 9, 11, 13, 15, 17, 19, 21, 23, 25, 27, 29, 31, 33, 35, 34, 32, 30, 28, 26, 24, 22, 20, 18, 16, 14, 12, 10, 8, 6, 4, 2]",3,hotel,,,,"[1, 3, 5, 7, 9, 11, 13, 15, 17, 19, 21, 23, 25, 27, 29, 31, 33, 35, 34, 32, 30, 28, 26, 24, 22, 20, 18, 16, 14, 12, 10, 8, 6, 4, 2]",,,,
14,hotel,17,Mekong Riverside Hotel,Bến Tre,10.12345678,106.12345678,811195.00,"[1, 3, 5, 7, 9, 11, 13, 15, 17, 19, 21, 23, 25, 27, 29, 31, 33, 35, 34, 32, 30, 28, 26, 24, 22, 20, 18, 16, 14, 12, 10, 8, 6, 4, 2]",4,hotel,,,,"[1, 3, 5, 7, 9, 11, 13, 15, 17, 19, 21, 23, 25, 27, 29, 31, 33, 35, 34, 32, 30, 28, 26, 24, 22, 20, 18, 16, 14, 12, 10, 8, 6, 4, 2]",,,,
15,hotel,18,Bến Tre Riverside Retreat,Bến Tre,10.23456789,106.23456789,513988.00,"[1, 3, 5, 7, 9, 11, 13, 15, 17, 19, 21, 23, 25, 27, 29, 31, 33, 35, 34, 32, 30, 28, 26, 24, 22, 20, 18, 16, 14, 12, 10, 8, 6, 4, 2]",3,resort,,,,"[1, 3, 5, 7, 9, 11, 13, 15, 17, 19, 21, 23, 25, 27, 29, 31, 33, 35, 34, 32, 30, 28, 26, 24, 22, 20, 18, 16, 14, 12, 10, 8, 6, 4, 2]",,,,
16,hotel,19,Bình Định Beach Resort,Bình Định,13.56789012,109.56789012,965018.00,"[1, 3, 5, 7, 9, 11, 13, 15, 17, 19, 21, 23, 25, 27, 29, 31, 33, 35, 34, 32, 30, 28, 26, 24, 22, 20, 18, 16, 14, 12, 10, 8, 6, 4, 2]",5,resort,,,,"[1, 3, 5, 7, 9, 11, 13, 15, 17, 19, 21, 23, 25, 27, 29, 31, 33, 35, 34, 32, 30, 28, 26, 24, 22, 20, 18, 16, 14, 12, 10, 8, 6, 4, 2]",,,,
17,hotel,20,Quy Nhơn Riverside Hotel,Bình Định,13.67890123,109.67890123,1209466.00,"[1, 3, 5, 7, 9, 11, 13, 15, 17, 19, 21, 23, 25, 27, 29, 31, 33, 35, 34, 32, 30, 28, 26, 24, 22, 20, 18, 16, 14, 12, 10, 8, 6, 4, 2]",4,hotel,,,,"[1, 3, 5, 7, 9, 11, 13, 15, 17, 19, 21, 23, 25, 27, 29, 31, 33, 35, 34, 32, 30, 28, 26, 24, 22, 20, 18, 16, 14, 12, 10, 8, 6, 4, 2]",,,,
18,hotel,21,Bình Dương City Hotel,Bình Dương,11.12345678,106.12345678,794697.00,"[1, 3, 5, 7, 9, 11, 13, 15, 17, 19, 21, 23, 25, 27, 29, 31, 33, 35, 34, 32, 30, 28, 26, 24, 22, 20, 18, 16, 14, 12, 10, 8, 6, 4, 2]",4,hotel,,,,"[1, 3, 5, 7, 9, 11, 13, 15, 17, 19, 21, 23, 25, 27, 29, 31, 33, 35, 34, 32, 30, 28, 26, 24, 22, 20, 18, 16, 14, 12, 10, 8, 6, 4, 2]",,,,
19,hotel,22,Eco Bình Dương Resort,Bình Dương,11.23456789,106.23456789,714055.00,"[1, 3, 5, 7, 9, 11, 13, 15, 17, 19, 21, 23, 25, 27, 29, 31, 33, 35, 34, 32, 30, 28, 26, 24, 22, 20, 18, 16, 14, 12, 10, 8, 6, 4, 2]",3,resort,,,,"[1, 3, 5, 7, 9, 11, 13, 15, 17, 19, 21, 23, 25, 27, 29, 31, 33, 35, 34, 32, 30, 28, 26, 24, 22, 20, 18, 16, 14, 12, 10, 8, 6, 4, 2]",,,,
20,hotel,23,Green Palm Resort Bình Phước,Bình Phước,11.54000000,106.80000000,823000.00,"[1, 3, 5, 7, 9, 11, 13, 15, 17, 19, 21, 23, 25, 27, 29, 31, 33, 35, 34, 32, 30, 28, 26, 24, 22, 20, 18, 16, 14, 12, 10, 8, 6, 4, 2]",4,resort,,,,"[1, 3, 5, 7, 9, 11, 13, 15, 17, 19, 21, 23, 25, 27, 29, 31, 33, 35, 34, 32, 30, 28, 26, 24, 22, 20, 18, 16, 14, 12, 10, 8, 6, 4, 2]",,,,
21,hotel,24,Sunset Hotel Bình Phước,Bình Phước,11.55000000,106.81000000,965000.00,"[1, 3, 5, 7, 9, 11, 13, 15, 17, 19, 21, 23, 25, 27, 29, 31, 33, 35, 34, 32, 30, 28, 26, 24, 22, 20, 18, 16, 14, 12, 10, 8, 6, 4, 2]",5,hotel,,,,"[1, 3, 5, 7, 9, 11, 13, 15, 17, 19, 21, 23, 25, 27, 29, 31, 33, 35, 34, 32, 30, 28, 26, 24, 22, 20, 18, 16, 14, 12, 10, 8, 6, 4, 2]",,,,
22,hotel,25,Ocean View Resort Bình Thuận,Bình Thuận,10.93333333,108.10000000,1120000.00,"[1, 3, 5, 7, 9, 11, 13, 15, 17, 19, 21, 23, 25, 27, 29, 31, 33, 35, 34, 32, 30, 28, 26, 24, 22, 20, 18, 16, 14, 12, 10, 8, 6, 4, 2]",5,resort,,,,"[1, 3, 5, 7, 9, 11, 13, 15, 17, 19, 21, 23, 25, 27, 29, 31, 33, 35, 34, 32, 30, 28, 26, 24, 22, 20, 18, 16, 14, 12, 10, 8, 6, 4, 2]",,,,
23,hotel,26,Sunrise Hotel Bình Thuận,Bình Thuận,10.95000000,108.12000000,780000.00,"[1, 3, 5, 7, 9, 11, 13, 15, 17, 19, 21, 23, 25, 27, 29, 31, 33, 35, 34, 32, 30, 28, 26, 24, 22, 20, 18, 16, 14, 12, 10, 8, 6, 4, 2]",3,hotel,,,,"[1, 3, 5, 7, 9, 11, 13, 15, 17, 19, 21, 23, 25, 27, 29, 31, 33, 35, 34, 32, 30, 28, 26, 24, 22, 20, 18, 16, 14, 12, 10, 8, 6, 4, 2]",,,,
24,hotel,27,Mekong Pearl Hotel Cà Mau,Cà Mau,9.17666700,105.15000000,650000.00,"[1, 3, 5, 7, 9, 11, 13, 15, 17, 19, 21, 23, 25, 27, 29, 31, 33, 35, 34, 32, 30, 28, 26, 24, 22, 20, 18, 16, 14, 12, 10, 8, 6, 4, 2]",4,hotel,,,,"[1, 3, 5, 7, 9, 11, 13, 15, 17, 19, 21, 23, 25, 27, 29, 31, 33, 35, 34, 32, 30, 28, 26, 24, 22, 20, 18, 16, 14, 12, 10, 8, 6, 4, 2]",,,,
25,hotel,28,Delta Hotel Cà Mau,Cà Mau,9.18000000,105.16000000,980000.00,"[1, 3, 5, 7, 9, 11, 13, 15, 17, 19, 21, 23, 25, 27, 29, 31, 33, 35, 34, 32, 30, 28, 26, 24, 22, 20, 18, 16, 14, 12, 10, 8, 6, 4, 2]",5,hotel,,,,"[1, 3, 5, 7, 9, 11, 13, 15, 17, 19, 21, 23, 25, 27, 29, 31, 33, 35, 34, 32, 30, 28, 26, 24, 22, 20, 18, 16, 14, 12, 10, 8, 6, 4, 2]",,,,
26,hotel,29,Lotus Riverside Hotel,Cần Thơ,10.04516200,105.74685700,914772.00,"[1, 3, 5, 7, 9, 11, 13, 15, 17, 19, 21, 23, 25, 27, 29, 31, 33, 35, 34, 32, 30, 28, 26, 24, 22, 20, 18, 16, 14, 12, 10, 8, 6, 4, 2]",4,hotel,,,,"[1, 3, 5, 7, 9, 11, 13, 15, 17, 19, 21, 23, 25, 27, 29, 31, 33, 35, 34, 32, 30, 28, 26, 24, 22, 20, 18, 16, 14, 12, 10, 8, 6, 4, 2]",,,,
27,hotel,30,Can Tho Central Hotel,Cần Thơ,10.06275800,105.78141800,1454178.00,"[1, 3, 5, 7, 9, 11, 13, 15, 17, 19, 21, 23, 25, 27, 29, 31, 33, 35, 34, 32, 30, 28, 26, 24, 22, 20, 18, 16, 14, 12, 10, 8, 6, 4, 2]",5,hotel,,,,"[1, 3, 5, 7, 9, 11, 13, 15, 17, 19, 21, 23, 25, 27, 29, 31, 33, 35, 34, 32, 30, 28, 26, 24, 22, 20, 18, 16, 14, 12, 10, 8, 6, 4, 2]",,,,
28,hotel,31,Cao Bang Riverside Hotel,Cao Bằng,22.66853700,106.25255300,896415.00,"[1, 3, 5, 7, 9, 11, 13, 15, 17, 19, 21, 23, 25, 27, 29, 31, 33, 35, 34, 32, 30, 28, 26, 24, 22, 20, 18, 16, 14, 12, 10, 8, 6, 4, 2]",4,hotel,,,,"[1, 3, 5, 7, 9, 11, 13, 15, 17, 19, 21, 23, 25, 27, 29, 31, 33, 35, 34, 32, 30, 28, 26, 24, 22, 20, 18, 16, 14, 12, 10, 8, 6, 4, 2]",,,,
29,hotel,32,Cao Bang Mountain Hotel,Cao Bằng,22.67512300,106.25567800,1444294.00,"[1, 3, 5, 7, 9, 11, 13, 15, 17, 19, 21, 23, 25, 27, 29, 31, 33, 35, 34, 32, 30, 28, 26, 24, 22, 20, 18, 16, 14, 12, 10, 8, 6, 4, 2]",5,hotel,,,,"[1, 3, 5, 7, 9, 11, 13, 15, 17, 19, 21, 23, 25, 27, 29, 31, 33, 35, 34, 32, 30, 28, 26, 24, 22, 20, 18, 16, 14, 12, 10, 8, 6, 4, 2]",,,,
30,hotel,33,Danang Beachfront Hotel,Đà Nẵng,16.04800100,108.22305600,873850.00,"[1, 3, 5, 7, 9, 11, 13, 15, 17, 19, 21, 23, 25, 27, 29, 31, 33, 35, 34, 32, 30, 28, 26, 24, 22, 20, 18, 16, 14, 12, 10, 8, 6, 4, 2]",5,hotel,,,,"[1, 3, 5, 7, 9, 11, 13, 15, 17, 19, 21, 23, 25, 27, 29, 31, 33, 35, 34, 32, 30, 28, 26, 24, 22, 20, 18, 16, 14, 12, 10, 8, 6, 4, 2]",,,,
31,hotel,34,Danang Central Hotel,Đà Nẵng,16.06778500,108.22037200,1104498.00,"[1, 3, 5, 7, 9, 11, 13, 15, 17, 19, 21, 23, 25, 27, 29, 31, 33, 35, 34, 32, 30, 28, 26, 24, 22, 20, 18, 16, 14, 12, 10, 8, 6, 4, 2]",4,hotel,,,,"[1, 3, 5, 7, 9, 11, 13, 15, 17, 19, 21, 23, 25, 27, 29, 31, 33, 35, 34, 32, 30, 28, 26, 24, 22, 20, 18, 16, 14, 12, 10, 8, 6, 4, 2]",,,,
32,hotel,35,DakLak Riverside Hotel,Đắk Lắk,12.67123456,108.12345678,620812.00,"[1, 3, 5, 7, 9, 11, 13, 15, 17, 19, 21, 23, 25, 27, 29, 31, 33, 35, 34, 32, 30, 28, 26, 24, 22, 20, 18, 16, 14, 12, 10, 8, 6, 4, 2]",4,hotel,,,,"[1, 3, 5, 7, 9, 11, 13, 15, 17, 19, 21, 23, 25, 27, 29, 31, 33, 35, 34, 32, 30, 28, 26, 24, 22, 20, 18, 16, 14, 12, 10, 8, 6, 4, 2]",,,,
33,hotel,36,DakLak Highland Resort,Đắk Lắk,12.65432123,108.09876543,1354960.00,"[1, 3, 5, 7, 9, 11, 13, 15, 17, 19, 21, 23, 25, 27, 29, 31, 33, 35, 34, 32, 30, 28, 26, 24, 22, 20, 18, 16, 14, 12, 10, 8, 6, 4, 2]",5,resort,,,,"[1, 3, 5, 7, 9, 11, 13, 15, 17, 19, 21, 23, 25, 27, 29, 31, 33, 35, 34, 32, 30, 28, 26, 24, 22, 20, 18, 16, 14, 12, 10, 8, 6, 4, 2]",,,,
34,hotel,37,DakNong Lakeview Hotel,Đắk Nông,12.34567890,107.98765432,656927.00,"[1, 3, 5, 7, 9, 11, 13, 15, 17, 19, 21, 23, 25, 27, 29, 31, 33, 35, 34, 32, 30, 28, 26, 24, 22, 20, 18, 16, 14, 12, 10, 8, 6, 4, 2]",3,hotel,,,,"[1, 3, 5, 7, 9, 11, 13, 15, 17, 19, 21, 23, 25, 27, 29, 31, 33, 35, 34, 32, 30, 28, 26, 24, 22, 20, 18, 16, 14, 12, 10, 8, 6, 4, 2]",,,,
35,hotel,38,DakNong Forest Retreat,Đắk Nông,12.33445566,107.87654321,786986.00,"[1, 3, 5, 7, 9, 11, 13, 15, 17, 19, 21, 23, 25, 27, 29, 31, 33, 35, 34, 32, 30, 28, 26, 24, 22, 20, 18, 16, 14, 12, 10, 8, 6, 4, 2]",4,resort,,,,"[1, 3, 5, 7, 9, 11, 13, 15, 17, 19, 21, 23, 25, 27, 29, 31, 33, 35, 34, 32, 30, 28, 26, 24, 22, 20, 18, 16, 14, 12, 10, 8, 6, 4, 2]",,,,
36,hotel,39,DienBien Mountain Hotel,Điện Biên,21.12345678,103.12345678,540391.00,"[1, 3, 5, 7, 9, 11, 13, 15, 17, 19, 21, 23, 25, 27, 29, 31, 33, 35, 34, 32, 30, 28, 26, 24, 22, 20, 18, 16, 14, 12, 10, 8, 6, 4, 2]",4,hotel,,,,"[1, 3, 5, 7, 9, 11, 13, 15, 17, 19, 21, 23, 25, 27, 29, 31, 33, 35, 34, 32, 30, 28, 26, 24, 22, 20, 18, 16, 14, 12, 10, 8, 6, 4, 2]",,,,
37,hotel,40,DienBien Valley Resort,Điện Biên,21.11223344,103.11223344,684567.00,"[1, 3, 5, 7, 9, 11, 13, 15, 17, 19, 21, 23, 25, 27, 29, 31, 33, 35, 34, 32, 30, 28, 26, 24, 22, 20, 18, 16, 14, 12, 10, 8, 6, 4, 2]",5,resort,,,,"[1, 3, 5, 7, 9, 11, 13, 15, 17, 19, 21, 23, 25, 27, 29, 31, 33, 35, 34, 32, 30, 28, 26, 24, 22, 20, 18, 16, 14, 12, 10, 8, 6, 4, 2]",,,,
38,hotel,41,Dong Nai Riverside Hotel,Đồng Nai,10.94390000,106.82900000,843210.00,"[1, 3, 5, 7, 9, 11, 13, 15, 17, 19, 21, 23, 25, 27, 29, 31, 33, 35, 34, 32, 30, 28, 26, 24, 22, 20, 18, 16, 14, 12, 10, 8, 6, 4, 2]",4,hotel,,,,"[1, 3, 5, 7, 9, 11, 13, 15, 17, 19, 21, 23, 25, 27, 29, 31, 33, 35, 34, 32, 30, 28, 26, 24, 22, 20, 18, 16, 14, 12, 10, 8, 6, 4, 2]",,,,
39,hotel,42,Luxury Dong Nai Hotel,Đồng Nai,10.94800000,106.83500000,1298760.00,"[1, 3, 5, 7, 9, 11, 13, 15, 17, 19, 21, 23, 25, 27, 29, 31, 33, 35, 34, 32, 30, 28, 26, 24, 22, 20, 18, 16, 14, 12, 10, 8, 6, 4, 2]",5,hotel,,,,"[1, 3, 5, 7, 9, 11, 13, 15, 17, 19, 21, 23, 25, 27, 29, 31, 33, 35, 34, 32, 30, 28, 26, 24, 22, 20, 18, 16, 14, 12, 10, 8, 6, 4, 2]",,,,
40,hotel,43,Dong Thap Garden Hotel,Đồng Tháp,10.57210000,105.68250000,657430.00,"[1, 3, 5, 7, 9, 11, 13, 15, 17, 19, 21, 23, 25, 27, 29, 31, 33, 35, 34, 32, 30, 28, 26, 24, 22, 20, 18, 16, 14, 12, 10, 8, 6, 4, 2]",4,hotel,,,,"[1, 3, 5, 7, 9, 11, 13, 15, 17, 19, 21, 23, 25, 27, 29, 31, 33, 35, 34, 32, 30, 28, 26, 24, 22, 20, 18, 16, 14, 12, 10, 8, 6, 4, 2]",,,,
41,hotel,44,Dong Thap Riverside Resort,Đồng Tháp,10.57000000,105.68500000,1125430.00,"[1, 3, 5, 7, 9, 11, 13, 15, 17, 19, 21, 23, 25, 27, 29, 31, 33, 35, 34, 32, 30, 28, 26, 24, 22, 20, 18, 16, 14, 12, 10, 8, 6, 4, 2]",5,resort,,,,"[1, 3, 5, 7, 9, 11, 13, 15, 17, 19, 21, 23, 25, 27, 29, 31, 33, 35, 34, 32, 30, 28, 26, 24, 22, 20, 18, 16, 14, 12, 10, 8, 6, 4, 2]",,,,
42,hotel,45,Gia Lai Mountain View Hotel,Gia Lai,13.98300000,108.06400000,732150.00,"[1, 3, 5, 7, 9, 11, 13, 15, 17, 19, 21, 23, 25, 27, 29, 31, 33, 35, 34, 32, 30, 28, 26, 24, 22, 20, 18, 16, 14, 12, 10, 8, 6, 4, 2]",4,hotel,,,,"[1, 3, 5, 7, 9, 11, 13, 15, 17, 19, 21, 23, 25, 27, 29, 31, 33, 35, 34, 32, 30, 28, 26, 24, 22, 20, 18, 16, 14, 12, 10, 8, 6, 4, 2]",,,,
43,hotel,46,Gia Lai Highland Resort,Gia Lai,13.98500000,108.06700000,1412340.00,"[1, 3, 5, 7, 9, 11, 13, 15, 17, 19, 21, 23, 25, 27, 29, 31, 33, 35, 34, 32, 30, 28, 26, 24, 22, 20, 18, 16, 14, 12, 10, 8, 6, 4, 2]",5,resort,,,,"[1, 3, 5, 7, 9, 11, 13, 15, 17, 19, 21, 23, 25, 27, 29, 31, 33, 35, 34, 32, 30, 28, 26, 24, 22, 20, 18, 16, 14, 12, 10, 8, 6, 4, 2]",,,,
44,hotel,47,Hà Giang Mountain Retreat,Hà Giang,22.78540000,104.98100000,643253.00,"[1, 3, 5, 7, 9, 11, 13, 15, 17, 19, 21, 23, 25, 27, 29, 31, 33, 35, 34, 32, 30, 28, 26, 24, 22, 20, 18, 16, 14, 12, 10, 8, 6, 4, 2]",4,resort,,,,"[1, 3, 5, 7, 9, 11, 13, 15, 17, 19, 21, 23, 25, 27, 29, 31, 33, 35, 34, 32, 30, 28, 26, 24, 22, 20, 18, 16, 14, 12, 10, 8, 6, 4, 2]",,,,
45,hotel,48,Hà Giang Valley Hotel,Hà Giang,23.02830000,105.33000000,560707.00,"[1, 3, 5, 7, 9, 11, 13, 15, 17, 19, 21, 23, 25, 27, 29, 31, 33, 35, 34, 32, 30, 28, 26, 24, 22, 20, 18, 16, 14, 12, 10, 8, 6, 4, 2]",3,hotel,,,,"[1, 3, 5, 7, 9, 11, 13, 15, 17, 19, 21, 23, 25, 27, 29, 31, 33, 35, 34, 32, 30, 28, 26, 24, 22, 20, 18, 16, 14, 12, 10, 8, 6, 4, 2]",,,,
46,hotel,49,Hà Nam Riverside Hotel,Hà Nam,20.53700000,105.91800000,1364165.00,"[1, 3, 5, 7, 9, 11, 13, 15, 17, 19, 21, 23, 25, 27, 29, 31, 33, 35, 34, 32, 30, 28, 26, 24, 22, 20, 18, 16, 14, 12, 10, 8, 6, 4, 2]",4,hotel,,,,"[1, 3, 5, 7, 9, 11, 13, 15, 17, 19, 21, 23, 25, 27, 29, 31, 33, 35, 34, 32, 30, 28, 26, 24, 22, 20, 18, 16, 14, 12, 10, 8, 6, 4, 2]",,,,
47,hotel,50,Hà Nam Garden Resort,Hà Nam,20.57300000,105.93000000,1372777.00,"[1, 3, 5, 7, 9, 11, 13, 15, 17, 19, 21, 23, 25, 27, 29, 31, 33, 35, 34, 32, 30, 28, 26, 24, 22, 20, 18, 16, 14, 12, 10, 8, 6, 4, 2]",3,resort,,,,"[1, 3, 5, 7, 9, 11, 13, 15, 17, 19, 21, 23, 25, 27, 29, 31, 33, 35, 34, 32, 30, 28, 26, 24, 22, 20, 18, 16, 14, 12, 10, 8, 6, 4, 2]",,,,
48,hotel,51,Hà Nội Central Hotel,Hà Nội,21.02850000,105.85420000,1305285.00,"[1, 3, 5, 7, 9, 11, 13, 15, 17, 19, 21, 23, 25, 27, 29, 31, 33, 35, 34, 32, 30, 28, 26, 24, 22, 20, 18, 16, 14, 12, 10, 8, 6, 4, 2]",5,hotel,,,,"[1, 3, 5, 7, 9, 11, 13, 15, 17, 19, 21, 23, 25, 27, 29, 31, 33, 35, 34, 32, 30, 28, 26, 24, 22, 20, 18, 16, 14, 12, 10, 8, 6, 4, 2]",,,,
49,hotel,52,Hà Nội Skyline Resort,Hà Nội,21.06560000,105.83910000,945420.00,"[1, 3, 5, 7, 9, 11, 13, 15, 17, 19, 21, 23, 25, 27, 29, 31, 33, 35, 34, 32, 30, 28, 26, 24, 22, 20, 18, 16, 14, 12, 10, 8, 6, 4, 2]",4,resort,,,,"[1, 3, 5, 7, 9, 11, 13, 15, 17, 19, 21, 23, 25, 27, 29, 31, 33, 35, 34, 32, 30, 28, 26, 24, 22, 20, 18, 16, 14, 12, 10, 8, 6, 4, 2]",,,,
50,hotel,53,Sunrise Hà Tĩnh Hotel,Hà Tĩnh,18.34387500,105.90575300,842000.00,"[1, 3, 5, 7, 9, 11, 13, 15, 17, 19, 21, 23, 25, 27, 29, 31, 33, 35, 34, 32, 30, 28, 26, 24, 22, 20, 18, 16, 14, 12, 10, 8, 6, 4, 2]",4,hotel,,,,"[1, 3, 5, 7, 9, 11, 13, 15, 17, 19, 21, 23, 25, 27, 29, 31, 33, 35, 34, 32, 30, 28, 26, 24, 22, 20, 18, 16, 14, 12, 10, 8, 6, 4, 2]",,,,
51,hotel,54,Riverside Hà Tĩnh Hotel,Hà Tĩnh,18.34578900,105.91234500,1257000.00,"[1, 3, 5, 7, 9, 11, 13, 15, 17, 19, 21, 23, 25, 27, 29, 31, 33, 35, 34, 32, 30, 28, 26, 24, 22, 20, 18, 16, 14, 12, 10, 8, 6, 4, 2]",5,hotel,,,,"[1, 3, 5, 7, 9, 11, 13, 15, 17, 19, 21, 23, 25, 27, 29, 31, 33, 35, 34, 32, 30, 28, 26, 24, 22, 20, 18, 16, 14, 12, 10, 8, 6, 4, 2]",,,,
52,hotel,55,Seaside Hải Dương Hotel,Hải Dương,20.93012300,106.32045600,965000.00,"[1, 3, 5, 7, 9, 11, 13, 15, 17, 19, 21, 23, 25, 27, 29, 31, 33, 35, 34, 32, 30, 28, 26, 24, 22, 20, 18, 16, 14, 12, 10, 8, 6, 4, 2]",4,hotel,,,,"[1, 3, 5, 7, 9, 11, 13, 15, 17, 19, 21, 23, 25, 27, 29, 31, 33, 35, 34, 32, 30, 28, 26, 24, 22, 20, 18, 16, 14, 12, 10, 8, 6, 4, 2]",,,,
53,hotel,56,Mountain View Hải Dương Hotel,Hải Dương,20.94567800,106.32234500,550000.00,"[1, 3, 5, 7, 9, 11, 13, 15, 17, 19, 21, 23, 25, 27, 29, 31, 33, 35, 34, 32, 30, 28, 26, 24, 22, 20, 18, 16, 14, 12, 10, 8, 6, 4, 2]",3,hotel,,,,"[1, 3, 5, 7, 9, 11, 13, 15, 17, 19, 21, 23, 25, 27, 29, 31, 33, 35, 34, 32, 30, 28, 26, 24, 22, 20, 18, 16, 14, 12, 10, 8, 6, 4, 2]",,,,
54,hotel,57,Harbor Hải Phòng Hotel,Hải Phòng,20.84456700,106.68912300,1100000.00,"[1, 3, 5, 7, 9, 11, 13, 15, 17, 19, 21, 23, 25, 27, 29, 31, 33, 35, 34, 32, 30, 28, 26, 24, 22, 20, 18, 16, 14, 12, 10, 8, 6, 4, 2]",5,hotel,,,,"[1, 3, 5, 7, 9, 11, 13, 15, 17, 19, 21, 23, 25, 27, 29, 31, 33, 35, 34, 32, 30, 28, 26, 24, 22, 20, 18, 16, 14, 12, 10, 8, 6, 4, 2]",,,,
55,hotel,58,Blue Bay Hải Phòng Hotel,Hải Phòng,20.85789000,106.68345600,735000.00,"[1, 3, 5, 7, 9, 11, 13, 15, 17, 19, 21, 23, 25, 27, 29, 31, 33, 35, 34, 32, 30, 28, 26, 24, 22, 20, 18, 16, 14, 12, 10, 8, 6, 4, 2]",4,hotel,,,,"[1, 3, 5, 7, 9, 11, 13, 15, 17, 19, 21, 23, 25, 27, 29, 31, 33, 35, 34, 32, 30, 28, 26, 24, 22, 20, 18, 16, 14, 12, 10, 8, 6, 4, 2]",,,,
56,hotel,59,Hậu Giang Riverside Hotel,Hậu Giang,9.78412345,105.77987654,715416.00,"[1, 3, 5, 7, 9, 11, 13, 15, 17, 19, 21, 23, 25, 27, 29, 31, 33, 35, 34, 32, 30, 28, 26, 24, 22, 20, 18, 16, 14, 12, 10, 8, 6, 4, 2]",4,hotel,,,,"[1, 3, 5, 7, 9, 11, 13, 15, 17, 19, 21, 23, 25, 27, 29, 31, 33, 35, 34, 32, 30, 28, 26, 24, 22, 20, 18, 16, 14, 12, 10, 8, 6, 4, 2]",,,,
57,hotel,60,Hậu Giang Central Hotel,Hậu Giang,9.79012345,105.78345678,584130.00,"[1, 3, 5, 7, 9, 11, 13, 15, 17, 19, 21, 23, 25, 27, 29, 31, 33, 35, 34, 32, 30, 28, 26, 24, 22, 20, 18, 16, 14, 12, 10, 8, 6, 4, 2]",3,hotel,,,,"[1, 3, 5, 7, 9, 11, 13, 15, 17, 19, 21, 23, 25, 27, 29, 31, 33, 35, 34, 32, 30, 28, 26, 24, 22, 20, 18, 16, 14, 12, 10, 8, 6, 4, 2]",,,,
58,hotel,61,Saigon Luxury Hotel,TP. Hồ Chí Minh,10.77654321,106.70098765,1159724.00,"[1, 3, 5, 7, 9, 11, 13, 15, 17, 19, 21, 23, 25, 27, 29, 31, 33, 35, 34, 32, 30, 28, 26, 24, 22, 20, 18, 16, 14, 12, 10, 8, 6, 4, 2]",5,hotel,,,,"[1, 3, 5, 7, 9, 11, 13, 15, 17, 19, 21, 23, 25, 27, 29, 31, 33, 35, 34, 32, 30, 28, 26, 24, 22, 20, 18, 16, 14, 12, 10, 8, 6, 4, 2]",,,,
59,hotel,62,Ho Chi Minh Central Hotel,TP. Hồ Chí Minh,10.78012345,106.69876543,1277590.00,"[1, 3, 5, 7, 9, 11, 13, 15, 17, 19, 21, 23, 25, 27, 29, 31, 33, 35, 34, 32, 30, 28, 26, 24, 22, 20, 18, 16, 14, 12, 10, 8, 6, 4, 2]",4,hotel,,,,"[1, 3, 5, 7, 9, 11, 13, 15, 17, 19, 21, 23, 25, 27, 29, 31, 33, 35, 34, 32, 30, 28, 26, 24, 22, 20, 18, 16, 14, 12, 10, 8, 6, 4, 2]",,,,
60,hotel,63,Hòa Bình Mountain Resort,Hòa Bình,20.86012345,105.33987654,1336710.00,"[1, 3, 5, 7, 9, 11, 13, 15, 17, 19, 21, 23, 25, 27, 29, 31, 33, 35, 34, 32, 30, 28, 26, 24, 22, 20, 18, 16, 14, 12, 10, 8, 6, 4, 2]",4,resort,,,,"[1, 3, 5, 7, 9, 11, 13, 15, 17, 19, 21, 23, 25, 27, 29, 31, 33, 35, 34, 32, 30, 28, 26, 24, 22, 20, 18, 16, 14, 12, 10, 8, 6, 4, 2]",,,,
61,hotel,64,Hòa Bình Valley Hotel,Hòa Bình,20.86456789,105.34567890,1399181.00,"[1, 3, 5, 7, 9, 11, 13, 15, 17, 19, 21, 23, 25, 27, 29, 31, 33, 35, 34, 32, 30, 28, 26, 24, 22, 20, 18, 16, 14, 12, 10, 8, 6, 4, 2]",3,hotel,,,,"[1, 3, 5, 7, 9, 11, 13, 15, 17, 19, 21, 23, 25, 27, 29, 31, 33, 35, 34, 32, 30, 28, 26, 24, 22, 20, 18, 16, 14, 12, 10, 8, 6, 4, 2]",,,,
62,hotel,65,Sunrise Hưng Yên Hotel,Hưng Yên,20.86712345,106.01723456,720000.00,"[1, 3, 5, 7, 9, 11, 13, 15, 17, 19, 21, 23, 25, 27, 29, 31, 33, 35, 34, 32, 30, 28, 26, 24, 22, 20, 18, 16, 14, 12, 10, 8, 6, 4, 2]",4,hotel,,,,"[1, 3, 5, 7, 9, 11, 13, 15, 17, 19, 21, 23, 25, 27, 29, 31, 33, 35, 34, 32, 30, 28, 26, 24, 22, 20, 18, 16, 14, 12, 10, 8, 6, 4, 2]",,,,
63,hotel,66,Riverside Hưng Yên Resort,Hưng Yên,20.87456789,106.02456789,980000.00,"[1, 3, 5, 7, 9, 11, 13, 15, 17, 19, 21, 23, 25, 27, 29, 31, 33, 35, 34, 32, 30, 28, 26, 24, 22, 20, 18, 16, 14, 12, 10, 8, 6, 4, 2]",5,resort,,,,"[1, 3, 5, 7, 9, 11, 13, 15, 17, 19, 21, 23, 25, 27, 29, 31, 33, 35, 34, 32, 30, 28, 26, 24, 22, 20, 18, 16, 14, 12, 10, 8, 6, 4, 2]",,,,
64,hotel,67,Oceanview Nha Trang Hotel,Khánh Hòa,12.25234567,109.19123456,1100000.00,"[1, 3, 5, 7, 9, 11, 13, 15, 17, 19, 21, 23, 25, 27, 29, 31, 33, 35, 34, 32, 30, 28, 26, 24, 22, 20, 18, 16, 14, 12, 10, 8, 6, 4, 2]",5,hotel,,,,"[1, 3, 5, 7, 9, 11, 13, 15, 17, 19, 21, 23, 25, 27, 29, 31, 33, 35, 34, 32, 30, 28, 26, 24, 22, 20, 18, 16, 14, 12, 10, 8, 6, 4, 2]",,,,
65,hotel,68,Seaside Khánh Hòa Resort,Khánh Hòa,12.27234567,109.21123456,850000.00,"[1, 3, 5, 7, 9, 11, 13, 15, 17, 19, 21, 23, 25, 27, 29, 31, 33, 35, 34, 32, 30, 28, 26, 24, 22, 20, 18, 16, 14, 12, 10, 8, 6, 4, 2]",4,resort,,,,"[1, 3, 5, 7, 9, 11, 13, 15, 17, 19, 21, 23, 25, 27, 29, 31, 33, 35, 34, 32, 30, 28, 26, 24, 22, 20, 18, 16, 14, 12, 10, 8, 6, 4, 2]",,,,
66,hotel,69,Lagoon Kiên Giang Hotel,Kiên Giang,10.12345678,105.67891234,650000.00,"[1, 3, 5, 7, 9, 11, 13, 15, 17, 19, 21, 23, 25, 27, 29, 31, 33, 35, 34, 32, 30, 28, 26, 24, 22, 20, 18, 16, 14, 12, 10, 8, 6, 4, 2]",3,hotel,,,,"[1, 3, 5, 7, 9, 11, 13, 15, 17, 19, 21, 23, 25, 27, 29, 31, 33, 35, 34, 32, 30, 28, 26, 24, 22, 20, 18, 16, 14, 12, 10, 8, 6, 4, 2]",,,,
67,hotel,70,Coral Kiên Giang Resort,Kiên Giang,10.23456789,105.78912345,1400000.00,"[1, 3, 5, 7, 9, 11, 13, 15, 17, 19, 21, 23, 25, 27, 29, 31, 33, 35, 34, 32, 30, 28, 26, 24, 22, 20, 18, 16, 14, 12, 10, 8, 6, 4, 2]",5,resort,,,,"[1, 3, 5, 7, 9, 11, 13, 15, 17, 19, 21, 23, 25, 27, 29, 31, 33, 35, 34, 32, 30, 28, 26, 24, 22, 20, 18, 16, 14, 12, 10, 8, 6, 4, 2]",,,,
68,hotel,71,Highland View Kon Tum,Kon Tum,14.35415600,107.97692200,1054062.00,"[1, 3, 5, 7, 9, 11, 13, 15, 17, 19, 21, 23, 25, 27, 29, 31, 33, 35, 34, 32, 30, 28, 26, 24, 22, 20, 18, 16, 14, 12, 10, 8, 6, 4, 2]",4,resort,,,,"[1, 3, 5, 7, 9, 11, 13, 15, 17, 19, 21, 23, 25, 27, 29, 31, 33, 35, 34, 32, 30, 28, 26, 24, 22, 20, 18, 16, 14, 12, 10, 8, 6, 4, 2]",,,,
69,hotel,72,Riverside Kon Tum Hotel,Kon Tum,14.35678200,107.97812300,934545.00,"[1, 3, 5, 7, 9, 11, 13, 15, 17, 19, 21, 23, 25, 27, 29, 31, 33, 35, 34, 32, 30, 28, 26, 24, 22, 20, 18, 16, 14, 12, 10, 8, 6, 4, 2]",5,hotel,,,,"[1, 3, 5, 7, 9, 11, 13, 15, 17, 19, 21, 23, 25, 27, 29, 31, 33, 35, 34, 32, 30, 28, 26, 24, 22, 20, 18, 16, 14, 12, 10, 8, 6, 4, 2]",,,,
70,hotel,73,Lai Chau Mountain Retreat,Lai Châu,22.39234500,103.46098700,769800.00,"[1, 3, 5, 7, 9, 11, 13, 15, 17, 19, 21, 23, 25, 27, 29, 31, 33, 35, 34, 32, 30, 28, 26, 24, 22, 20, 18, 16, 14, 12, 10, 8, 6, 4, 2]",4,resort,,,,"[1, 3, 5, 7, 9, 11, 13, 15, 17, 19, 21, 23, 25, 27, 29, 31, 33, 35, 34, 32, 30, 28, 26, 24, 22, 20, 18, 16, 14, 12, 10, 8, 6, 4, 2]",,,,
71,hotel,74,Riverside Lai Chau Hotel,Lai Châu,22.39456700,103.46234500,715300.00,"[1, 3, 5, 7, 9, 11, 13, 15, 17, 19, 21, 23, 25, 27, 29, 31, 33, 35, 34, 32, 30, 28, 26, 24, 22, 20, 18, 16, 14, 12, 10, 8, 6, 4, 2]",5,hotel,,,,"[1, 3, 5, 7, 9, 11, 13, 15, 17, 19, 21, 23, 25, 27, 29, 31, 33, 35, 34, 32, 30, 28, 26, 24, 22, 20, 18, 16, 14, 12, 10, 8, 6, 4, 2]",,,,
72,hotel,75,Highland Retreat Lam Dong,Lâm Đồng,11.94042200,108.45831300,1162493.00,"[1, 3, 5, 7, 9, 11, 13, 15, 17, 19, 21, 23, 25, 27, 29, 31, 33, 35, 34, 32, 30, 28, 26, 24, 22, 20, 18, 16, 14, 12, 10, 8, 6, 4, 2]",4,resort,,,,"[1, 3, 5, 7, 9, 11, 13, 15, 17, 19, 21, 23, 25, 27, 29, 31, 33, 35, 34, 32, 30, 28, 26, 24, 22, 20, 18, 16, 14, 12, 10, 8, 6, 4, 2]",,,,
73,hotel,76,Riverside Lam Dong Hotel,Lâm Đồng,11.94123400,108.45987600,1149669.00,"[1, 3, 5, 7, 9, 11, 13, 15, 17, 19, 21, 23, 25, 27, 29, 31, 33, 35, 34, 32, 30, 28, 26, 24, 22, 20, 18, 16, 14, 12, 10, 8, 6, 4, 2]",5,hotel,,,,"[1, 3, 5, 7, 9, 11, 13, 15, 17, 19, 21, 23, 25, 27, 29, 31, 33, 35, 34, 32, 30, 28, 26, 24, 22, 20, 18, 16, 14, 12, 10, 8, 6, 4, 2]",,,,
74,hotel,77,Mountain View Lạng Sơn Hotel,Lạng Sơn,21.85650000,106.75900000,881280.00,"[1, 3, 5, 7, 9, 11, 13, 15, 17, 19, 21, 23, 25, 27, 29, 31, 33, 35, 34, 32, 30, 28, 26, 24, 22, 20, 18, 16, 14, 12, 10, 8, 6, 4, 2]",4,hotel,,,,"[1, 3, 5, 7, 9, 11, 13, 15, 17, 19, 21, 23, 25, 27, 29, 31, 33, 35, 34, 32, 30, 28, 26, 24, 22, 20, 18, 16, 14, 12, 10, 8, 6, 4, 2]",,,,
75,hotel,78,Riverside Lạng Sơn Resort,Lạng Sơn,21.86000000,106.76300000,897307.00,"[1, 3, 5, 7, 9, 11, 13, 15, 17, 19, 21, 23, 25, 27, 29, 31, 33, 35, 34, 32, 30, 28, 26, 24, 22, 20, 18, 16, 14, 12, 10, 8, 6, 4, 2]",5,resort,,,,"[1, 3, 5, 7, 9, 11, 13, 15, 17, 19, 21, 23, 25, 27, 29, 31, 33, 35, 34, 32, 30, 28, 26, 24, 22, 20, 18, 16, 14, 12, 10, 8, 6, 4, 2]",,,,
76,hotel,79,Skyline Lào Cai Hotel,Lào Cai,22.49100000,103.97600000,617303.00,"[1, 3, 5, 7, 9, 11, 13, 15, 17, 19, 21, 23, 25, 27, 29, 31, 33, 35, 34, 32, 30, 28, 26, 24, 22, 20, 18, 16, 14, 12, 10, 8, 6, 4, 2]",4,hotel,,,,"[1, 3, 5, 7, 9, 11, 13, 15, 17, 19, 21, 23, 25, 27, 29, 31, 33, 35, 34, 32, 30, 28, 26, 24, 22, 20, 18, 16, 14, 12, 10, 8, 6, 4, 2]",,,,
77,hotel,80,Riverside Lào Cai Resort,Lào Cai,22.49500000,103.98000000,1153008.00,"[1, 3, 5, 7, 9, 11, 13, 15, 17, 19, 21, 23, 25, 27, 29, 31, 33, 35, 34, 32, 30, 28, 26, 24, 22, 20, 18, 16, 14, 12, 10, 8, 6, 4, 2]",5,resort,,,,"[1, 3, 5, 7, 9, 11, 13, 15, 17, 19, 21, 23, 25, 27, 29, 31, 33, 35, 34, 32, 30, 28, 26, 24, 22, 20, 18, 16, 14, 12, 10, 8, 6, 4, 2]",,,,
78,hotel,81,Green River Long An Hotel,Long An,10.73500000,106.37900000,851410.00,"[1, 3, 5, 7, 9, 11, 13, 15, 17, 19, 21, 23, 25, 27, 29, 31, 33, 35, 34, 32, 30, 28, 26, 24, 22, 20, 18, 16, 14, 12, 10, 8, 6, 4, 2]",4,hotel,,,,"[1, 3, 5, 7, 9, 11, 13, 15, 17, 19, 21, 23, 25, 27, 29, 31, 33, 35, 34, 32, 30, 28, 26, 24, 22, 20, 18, 16, 14, 12, 10, 8, 6, 4, 2]",,,,
79,hotel,82,Riverside Long An Resort,Long An,10.74000000,106.38300000,1299718.00,"[1, 3, 5, 7, 9, 11, 13, 15, 17, 19, 21, 23, 25, 27, 29, 31, 33, 35, 34, 32, 30, 28, 26, 24, 22, 20, 18, 16, 14, 12, 10, 8, 6, 4, 2]",5,resort,,,,"[1, 3, 5, 7, 9, 11, 13, 15, 17, 19, 21, 23, 25, 27, 29, 31, 33, 35, 34, 32, 30, 28, 26, 24, 22, 20, 18, 16, 14, 12, 10, 8, 6, 4, 2]",,,,
80,hotel,89,Lotus Riverside Hotel,Nam Định,20.42000000,106.16666700,988465.00,"[1, 3, 5, 7, 9, 11, 13, 15, 17, 19, 21, 23, 25, 27, 29, 31, 33, 35, 34, 32, 30, 28, 26, 24, 22, 20, 18, 16, 14, 12, 10, 8, 6, 4, 2]",4,hotel,,,,"[1, 3, 5, 7, 9, 11, 13, 15, 17, 19, 21, 23, 25, 27, 29, 31, 33, 35, 34, 32, 30, 28, 26, 24, 22, 20, 18, 16, 14, 12, 10, 8, 6, 4, 2]",,,,
81,hotel,90,Nam Định Grand Hotel,Nam Định,20.43000000,106.17000000,1267930.00,"[1, 3, 5, 7, 9, 11, 13, 15, 17, 19, 21, 23, 25, 27, 29, 31, 33, 35, 34, 32, 30, 28, 26, 24, 22, 20, 18, 16, 14, 12, 10, 8, 6, 4, 2]",5,hotel,,,,"[1, 3, 5, 7, 9, 11, 13, 15, 17, 19, 21, 23, 25, 27, 29, 31, 33, 35, 34, 32, 30, 28, 26, 24, 22, 20, 18, 16, 14, 12, 10, 8, 6, 4, 2]",,,,
82,hotel,91,Nghe An Riverside Hotel,Nghệ An,19.20000000,104.90000000,694494.00,"[1, 3, 5, 7, 9, 11, 13, 15, 17, 19, 21, 23, 25, 27, 29, 31, 33, 35, 34, 32, 30, 28, 26, 24, 22, 20, 18, 16, 14, 12, 10, 8, 6, 4, 2]",4,hotel,,,,"[1, 3, 5, 7, 9, 11, 13, 15, 17, 19, 21, 23, 25, 27, 29, 31, 33, 35, 34, 32, 30, 28, 26, 24, 22, 20, 18, 16, 14, 12, 10, 8, 6, 4, 2]",,,,
83,hotel,92,Vinpearl Nghe An Hotel,Nghệ An,19.21000000,104.91000000,1284025.00,"[1, 3, 5, 7, 9, 11, 13, 15, 17, 19, 21, 23, 25, 27, 29, 31, 33, 35, 34, 32, 30, 28, 26, 24, 22, 20, 18, 16, 14, 12, 10, 8, 6, 4, 2]",5,hotel,,,,"[1, 3, 5, 7, 9, 11, 13, 15, 17, 19, 21, 23, 25, 27, 29, 31, 33, 35, 34, 32, 30, 28, 26, 24, 22, 20, 18, 16, 14, 12, 10, 8, 6, 4, 2]",,,,
84,hotel,93,Tam Coc Riverside Hotel,Ninh Bình,20.25000000,105.97500000,646039.00,"[1, 3, 5, 7, 9, 11, 13, 15, 17, 19, 21, 23, 25, 27, 29, 31, 33, 35, 34, 32, 30, 28, 26, 24, 22, 20, 18, 16, 14, 12, 10, 8, 6, 4, 2]",4,hotel,,,,"[1, 3, 5, 7, 9, 11, 13, 15, 17, 19, 21, 23, 25, 27, 29, 31, 33, 35, 34, 32, 30, 28, 26, 24, 22, 20, 18, 16, 14, 12, 10, 8, 6, 4, 2]",,,,
85,hotel,94,Ninh Binh Grand Hotel,Ninh Bình,20.26000000,105.98000000,1218523.00,"[1, 3, 5, 7, 9, 11, 13, 15, 17, 19, 21, 23, 25, 27, 29, 31, 33, 35, 34, 32, 30, 28, 26, 24, 22, 20, 18, 16, 14, 12, 10, 8, 6, 4, 2]",5,hotel,,,,"[1, 3, 5, 7, 9, 11, 13, 15, 17, 19, 21, 23, 25, 27, 29, 31, 33, 35, 34, 32, 30, 28, 26, 24, 22, 20, 18, 16, 14, 12, 10, 8, 6, 4, 2]",,,,
86,hotel,95,Sunset Beach Resort Ninh Thuận,Ninh Thuận,11.75860000,108.97970000,837596.00,"[1, 3, 5, 7, 9, 11, 13, 15, 17, 19, 21, 23, 25, 27, 29, 31, 33, 35, 34, 32, 30, 28, 26, 24, 22, 20, 18, 16, 14, 12, 10, 8, 6, 4, 2]",4,resort,,,,"[1, 3, 5, 7, 9, 11, 13, 15, 17, 19, 21, 23, 25, 27, 29, 31, 33, 35, 34, 32, 30, 28, 26, 24, 22, 20, 18, 16, 14, 12, 10, 8, 6, 4, 2]",,,,
87,hotel,96,Mountain View Hotel Ninh Thuận,Ninh Thuận,11.75210000,108.99840000,1447620.00,"[1, 3, 5, 7, 9, 11, 13, 15, 17, 19, 21, 23, 25, 27, 29, 31, 33, 35, 34, 32, 30, 28, 26, 24, 22, 20, 18, 16, 14, 12, 10, 8, 6, 4, 2]",3,hotel,,,,"[1, 3, 5, 7, 9, 11, 13, 15, 17, 19, 21, 23, 25, 27, 29, 31, 33, 35, 34, 32, 30, 28, 26, 24, 22, 20, 18, 16, 14, 12, 10, 8, 6, 4, 2]",,,,
88,hotel,97,Lotus River Hotel Phú Thọ,Phú Thọ,21.30800000,105.21900000,1466397.00,"[1, 3, 5, 7, 9, 11, 13, 15, 17, 19, 21, 23, 25, 27, 29, 31, 33, 35, 34, 32, 30, 28, 26, 24, 22, 20, 18, 16, 14, 12, 10, 8, 6, 4, 2]",4,hotel,,,,"[1, 3, 5, 7, 9, 11, 13, 15, 17, 19, 21, 23, 25, 27, 29, 31, 33, 35, 34, 32, 30, 28, 26, 24, 22, 20, 18, 16, 14, 12, 10, 8, 6, 4, 2]",,,,
89,hotel,98,Green Hill Resort Phú Thọ,Phú Thọ,21.32450000,105.24100000,1332967.00,"[1, 3, 5, 7, 9, 11, 13, 15, 17, 19, 21, 23, 25, 27, 29, 31, 33, 35, 34, 32, 30, 28, 26, 24, 22, 20, 18, 16, 14, 12, 10, 8, 6, 4, 2]",5,resort,,,,"[1, 3, 5, 7, 9, 11, 13, 15, 17, 19, 21, 23, 25, 27, 29, 31, 33, 35, 34, 32, 30, 28, 26, 24, 22, 20, 18, 16, 14, 12, 10, 8, 6, 4, 2]",,,,
90,hotel,99,Ocean Pearl Hotel Phú Yên,Phú Yên,13.09900000,109.32000000,628803.00,"[1, 3, 5, 7, 9, 11, 13, 15, 17, 19, 21, 23, 25, 27, 29, 31, 33, 35, 34, 32, 30, 28, 26, 24, 22, 20, 18, 16, 14, 12, 10, 8, 6, 4, 2]",4,hotel,,,,"[1, 3, 5, 7, 9, 11, 13, 15, 17, 19, 21, 23, 25, 27, 29, 31, 33, 35, 34, 32, 30, 28, 26, 24, 22, 20, 18, 16, 14, 12, 10, 8, 6, 4, 2]",,,,
91,hotel,100,Sunrise Villa Phú Yên,Phú Yên,13.09550000,109.31200000,1450563.00,"[1, 3, 5, 7, 9, 11, 13, 15, 17, 19, 21, 23, 25, 27, 29, 31, 33, 35, 34, 32, 30, 28, 26, 24, 22, 20, 18, 16, 14, 12, 10, 8, 6, 4, 2]",5,villa,,,,"[1, 3, 5, 7, 9, 11, 13, 15, 17, 19, 21, 23, 25, 27, 29, 31, 33, 35, 34, 32, 30, 28, 26, 24, 22, 20, 18, 16, 14, 12, 10, 8, 6, 4, 2]",,,,
92,hotel,101,Sunset Bay Hotel Quảng Bình,Quảng Bình,17.47721300,106.61192500,1401456.00,"[1, 3, 5, 7, 9, 11, 13, 15, 17, 19, 21, 23, 25, 27, 29, 31, 33, 35, 34, 32, 30, 28, 26, 24, 22, 20, 18, 16, 14, 12, 10, 8, 6, 4, 2]",4,hotel,,,,"[1, 3, 5, 7, 9, 11, 13, 15, 17, 19, 21, 23, 25, 27, 29, 31, 33, 35, 34, 32, 30, 28, 26, 24, 22, 20, 18, 16, 14, 12, 10, 8, 6, 4, 2]",,,,
93,hotel,102,Ocean Pearl Resort Quảng Bình,Quảng Bình,17.48021300,106.61312500,1072592.00,"[1, 3, 5, 7, 9, 11, 13, 15, 17, 19, 21, 23, 25, 27, 29, 31, 33, 35, 34, 32, 30, 28, 26, 24, 22, 20, 18, 16, 14, 12, 10, 8, 6, 4, 2]",5,resort,,,,"[1, 3, 5, 7, 9, 11, 13, 15, 17, 19, 21, 23, 25, 27, 29, 31, 33, 35, 34, 32, 30, 28, 26, 24, 22, 20, 18, 16, 14, 12, 10, 8, 6, 4, 2]",,,,
94,hotel,103,Golden Lotus Hotel Quảng Nam,Quảng Nam,15.87921300,108.33812500,1266154.00,"[1, 3, 5, 7, 9, 11, 13, 15, 17, 19, 21, 23, 25, 27, 29, 31, 33, 35, 34, 32, 30, 28, 26, 24, 22, 20, 18, 16, 14, 12, 10, 8, 6, 4, 2]",4,hotel,,,,"[1, 3, 5, 7, 9, 11, 13, 15, 17, 19, 21, 23, 25, 27, 29, 31, 33, 35, 34, 32, 30, 28, 26, 24, 22, 20, 18, 16, 14, 12, 10, 8, 6, 4, 2]",,,,
95,hotel,104,Riverside Charm Hotel Quảng Nam,Quảng Nam,15.88121300,108.34012500,903594.00,"[1, 3, 5, 7, 9, 11, 13, 15, 17, 19, 21, 23, 25, 27, 29, 31, 33, 35, 34, 32, 30, 28, 26, 24, 22, 20, 18, 16, 14, 12, 10, 8, 6, 4, 2]",5,hotel,,,,"[1, 3, 5, 7, 9, 11, 13, 15, 17, 19, 21, 23, 25, 27, 29, 31, 33, 35, 34, 32, 30, 28, 26, 24, 22, 20, 18, 16, 14, 12, 10, 8, 6, 4, 2]",,,,
96,hotel,105,Seaside Haven Hotel Quảng Ngãi,Quảng Ngãi,15.12021300,108.79012500,1272898.00,"[1, 3, 5, 7, 9, 11, 13, 15, 17, 19, 21, 23, 25, 27, 29, 31, 33, 35, 34, 32, 30, 28, 26, 24, 22, 20, 18, 16, 14, 12, 10, 8, 6, 4, 2]",4,hotel,,,,"[1, 3, 5, 7, 9, 11, 13, 15, 17, 19, 21, 23, 25, 27, 29, 31, 33, 35, 34, 32, 30, 28, 26, 24, 22, 20, 18, 16, 14, 12, 10, 8, 6, 4, 2]",,,,
97,hotel,106,Coral Bay Resort Quảng Ngãi,Quảng Ngãi,15.12321300,108.79212500,552714.00,"[1, 3, 5, 7, 9, 11, 13, 15, 17, 19, 21, 23, 25, 27, 29, 31, 33, 35, 34, 32, 30, 28, 26, 24, 22, 20, 18, 16, 14, 12, 10, 8, 6, 4, 2]",5,resort,,,,"[1, 3, 5, 7, 9, 11, 13, 15, 17, 19, 21, 23, 25, 27, 29, 31, 33, 35, 34, 32, 30, 28, 26, 24, 22, 20, 18, 16, 14, 12, 10, 8, 6, 4, 2]",,,,
98,hotel,107,Hạ Long Seaview Hotel,Quảng Ninh,20.95300000,107.07300000,725000.00,"[1, 3, 5, 7, 9, 11, 13, 15, 17, 19, 21, 23, 25, 27, 29, 31, 33, 35, 34, 32, 30, 28, 26, 24, 22, 20, 18, 16, 14, 12, 10, 8, 6, 4, 2]",4,hotel,,,,"[1, 3, 5, 7, 9, 11, 13, 15, 17, 19, 21, 23, 25, 27, 29, 31, 33, 35, 34, 32, 30, 28, 26, 24, 22, 20, 18, 16, 14, 12, 10, 8, 6, 4, 2]",,,,
99,hotel,108,Sunrise Quảng Ninh Hotel,Quảng Ninh,20.95100000,107.07350000,980000.00,"[1, 3, 5, 7, 9, 11, 13, 15, 17, 19, 21, 23, 25, 27, 29, 31, 33, 35, 34, 32, 30, 28, 26, 24, 22, 20, 18, 16, 14, 12, 10, 8, 6, 4, 2]",5,resort,,,,"[1, 3, 5, 7, 9, 11, 13, 15, 17, 19, 21, 23, 25, 27, 29, 31, 33, 35, 34, 32, 30, 28, 26, 24, 22, 20, 18, 16, 14, 12, 10, 8, 6, 4, 2]",,,,
100,hotel,109,Quảng Trị Riverside Hotel,Quảng Trị,16.78000000,107.18000000,650000.00,"[1, 3, 5, 7, 9, 11, 13, 15, 17, 19, 21, 23, 25, 27, 29, 31, 33, 35, 34, 32, 30, 28, 26, 24, 22, 20, 18, 16, 14, 12, 10, 8, 6, 4, 2]",4,hotel,,,,"[1, 3, 5, 7, 9, 11, 13, 15, 17, 19, 21, 23, 25, 27, 29, 31, 33, 35, 34, 32, 30, 28, 26, 24, 22, 20, 18, 16, 14, 12, 10, 8, 6, 4, 2]",,,,
101,hotel,110,Ocean View Quảng Trị,Quảng Trị,16.77000000,107.20000000,780000.00,"[1, 3, 5, 7, 9, 11, 13, 15, 17, 19, 21, 23, 25, 27, 29, 31, 33, 35, 34, 32, 30, 28, 26, 24, 22, 20, 18, 16, 14, 12, 10, 8, 6, 4, 2]",5,resort,,,,"[1, 3, 5, 7, 9, 11, 13, 15, 17, 19, 21, 23, 25, 27, 29, 31, 33, 35, 34, 32, 30, 28, 26, 24, 22, 20, 18, 16, 14, 12, 10, 8, 6, 4, 2]",,,,
102,hotel,111,Sóc Trăng Central Hotel,Sóc Trăng,9.60000000,105.97000000,520000.00,"[1, 3, 5, 7, 9, 11, 13, 15, 17, 19, 21, 23, 25, 27, 29, 31, 33, 35, 34, 32, 30, 28, 26, 24, 22, 20, 18, 16, 14, 12, 10, 8, 6, 4, 2]",4,hotel,,,,"[1, 3, 5, 7, 9, 11, 13, 15, 17, 19, 21, 23, 25, 27, 29, 31, 33, 35, 34, 32, 30, 28, 26, 24, 22, 20, 18, 16, 14, 12, 10, 8, 6, 4, 2]",,,,
103,hotel,112,Riverside Sóc Trăng Hotel,Sóc Trăng,9.61000000,105.97500000,870000.00,"[1, 3, 5, 7, 9, 11, 13, 15, 17, 19, 21, 23, 25, 27, 29, 31, 33, 35, 34, 32, 30, 28, 26, 24, 22, 20, 18, 16, 14, 12, 10, 8, 6, 4, 2]",5,resort,,,,"[1, 3, 5, 7, 9, 11, 13, 15, 17, 19, 21, 23, 25, 27, 29, 31, 33, 35, 34, 32, 30, 28, 26, 24, 22, 20, 18, 16, 14, 12, 10, 8, 6, 4, 2]",,,,
104,hotel,113,Mountain View Resort Sơn La,Sơn La,21.32567000,103.90036000,850000.00,"[1, 3, 5, 7, 9, 11, 13, 15, 17, 19, 21, 23, 25, 27, 29, 31, 33, 35, 34, 32, 30, 28, 26, 24, 22, 20, 18, 16, 14, 12, 10, 8, 6, 4, 2]",4,resort,,,,"[1, 3, 5, 7, 9, 11, 13, 15, 17, 19, 21, 23, 25, 27, 29, 31, 33, 35, 34, 32, 30, 28, 26, 24, 22, 20, 18, 16, 14, 12, 10, 8, 6, 4, 2]",,,,
105,hotel,114,Sơn La Riverside Hotel,Sơn La,21.32145000,103.91234000,620000.00,"[1, 3, 5, 7, 9, 11, 13, 15, 17, 19, 21, 23, 25, 27, 29, 31, 33, 35, 34, 32, 30, 28, 26, 24, 22, 20, 18, 16, 14, 12, 10, 8, 6, 4, 2]",3,hotel,,,,"[1, 3, 5, 7, 9, 11, 13, 15, 17, 19, 21, 23, 25, 27, 29, 31, 33, 35, 34, 32, 30, 28, 26, 24, 22, 20, 18, 16, 14, 12, 10, 8, 6, 4, 2]",,,,
106,hotel,115,Tây Ninh Grand Hotel,Tây Ninh,11.32267000,106.10546000,980000.00,"[1, 3, 5, 7, 9, 11, 13, 15, 17, 19, 21, 23, 25, 27, 29, 31, 33, 35, 34, 32, 30, 28, 26, 24, 22, 20, 18, 16, 14, 12, 10, 8, 6, 4, 2]",5,hotel,,,,"[1, 3, 5, 7, 9, 11, 13, 15, 17, 19, 21, 23, 25, 27, 29, 31, 33, 35, 34, 32, 30, 28, 26, 24, 22, 20, 18, 16, 14, 12, 10, 8, 6, 4, 2]",,,,
107,hotel,116,Peaceful Stay Tây Ninh,Tây Ninh,11.32045000,106.10234000,540000.00,"[1, 3, 5, 7, 9, 11, 13, 15, 17, 19, 21, 23, 25, 27, 29, 31, 33, 35, 34, 32, 30, 28, 26, 24, 22, 20, 18, 16, 14, 12, 10, 8, 6, 4, 2]",3,homestay,,,,"[1, 3, 5, 7, 9, 11, 13, 15, 17, 19, 21, 23, 25, 27, 29, 31, 33, 35, 34, 32, 30, 28, 26, 24, 22, 20, 18, 16, 14, 12, 10, 8, 6, 4, 2]",,,,
108,hotel,117,Seaside Hotel Thái Bình,Thái Bình,20.59045000,106.33367000,730000.00,"[1, 3, 5, 7, 9, 11, 13, 15, 17, 19, 21, 23, 25, 27, 29, 31, 33, 35, 34, 32, 30, 28, 26, 24, 22, 20, 18, 16, 14, 12, 10, 8, 6, 4, 2]",4,resort,,,,"[1, 3, 5, 7, 9, 11, 13, 15, 17, 19, 21, 23, 25, 27, 29, 31, 33, 35, 34, 32, 30, 28, 26, 24, 22, 20, 18, 16, 14, 12, 10, 8, 6, 4, 2]",,,,
109,hotel,118,Central Hotel Thái Bình,Thái Bình,20.58934000,106.32867000,580000.00,"[1, 3, 5, 7, 9, 11, 13, 15, 17, 19, 21, 23, 25, 27, 29, 31, 33, 35, 34, 32, 30, 28, 26, 24, 22, 20, 18, 16, 14, 12, 10, 8, 6, 4, 2]",3,hotel,,,,"[1, 3, 5, 7, 9, 11, 13, 15, 17, 19, 21, 23, 25, 27, 29, 31, 33, 35, 34, 32, 30, 28, 26, 24, 22, 20, 18, 16, 14, 12, 10, 8, 6, 4, 2]",,,,
110,hotel,119,Mountain View Hotel Thái Nguyên,Thái Nguyên,21.59227000,105.84442000,825000.00,"[1, 3, 5, 7, 9, 11, 13, 15, 17, 19, 21, 23, 25, 27, 29, 31, 33, 35, 34, 32, 30, 28, 26, 24, 22, 20, 18, 16, 14, 12, 10, 8, 6, 4, 2]",4,hotel,,,,"[1, 3, 5, 7, 9, 11, 13, 15, 17, 19, 21, 23, 25, 27, 29, 31, 33, 35, 34, 32, 30, 28, 26, 24, 22, 20, 18, 16, 14, 12, 10, 8, 6, 4, 2]",,,,
111,hotel,120,Riverside Serenity Thái Nguyên,Thái Nguyên,21.58333000,105.85000000,630000.00,"[1, 3, 5, 7, 9, 11, 13, 15, 17, 19, 21, 23, 25, 27, 29, 31, 33, 35, 34, 32, 30, 28, 26, 24, 22, 20, 18, 16, 14, 12, 10, 8, 6, 4, 2]",3,hotel,,,,"[1, 3, 5, 7, 9, 11, 13, 15, 17, 19, 21, 23, 25, 27, 29, 31, 33, 35, 34, 32, 30, 28, 26, 24, 22, 20, 18, 16, 14, 12, 10, 8, 6, 4, 2]",,,,
112,hotel,121,Thanh Hóa Grand Hotel,Thanh Hóa,19.80500000,105.77600000,980000.00,"[1, 3, 5, 7, 9, 11, 13, 15, 17, 19, 21, 23, 25, 27, 29, 31, 33, 35, 34, 32, 30, 28, 26, 24, 22, 20, 18, 16, 14, 12, 10, 8, 6, 4, 2]",5,hotel,,,,"[1, 3, 5, 7, 9, 11, 13, 15, 17, 19, 21, 23, 25, 27, 29, 31, 33, 35, 34, 32, 30, 28, 26, 24, 22, 20, 18, 16, 14, 12, 10, 8, 6, 4, 2]",,,,
113,hotel,122,Seaside Hotel Thanh Hóa,Thanh Hóa,19.79500000,105.75000000,540000.00,"[1, 3, 5, 7, 9, 11, 13, 15, 17, 19, 21, 23, 25, 27, 29, 31, 33, 35, 34, 32, 30, 28, 26, 24, 22, 20, 18, 16, 14, 12, 10, 8, 6, 4, 2]",3,hotel,,,,"[1, 3, 5, 7, 9, 11, 13, 15, 17, 19, 21, 23, 25, 27, 29, 31, 33, 35, 34, 32, 30, 28, 26, 24, 22, 20, 18, 16, 14, 12, 10, 8, 6, 4, 2]",,,,
114,hotel,123,Imperial Hue Hotel,Thừa Thiên Huế,16.46370000,107.59090000,1250000.00,"[1, 3, 5, 7, 9, 11, 13, 15, 17, 19, 21, 23, 25, 27, 29, 31, 33, 35, 34, 32, 30, 28, 26, 24, 22, 20, 18, 16, 14, 12, 10, 8, 6, 4, 2]",5,hotel,,,,"[1, 3, 5, 7, 9, 11, 13, 15, 17, 19, 21, 23, 25, 27, 29, 31, 33, 35, 34, 32, 30, 28, 26, 24, 22, 20, 18, 16, 14, 12, 10, 8, 6, 4, 2]",,,,
115,hotel,124,Riverside Hue Retreat,Thừa Thiên Huế,16.46250000,107.59620000,760000.00,"[1, 3, 5, 7, 9, 11, 13, 15, 17, 19, 21, 23, 25, 27, 29, 31, 33, 35, 34, 32, 30, 28, 26, 24, 22, 20, 18, 16, 14, 12, 10, 8, 6, 4, 2]",4,hotel,,,,"[1, 3, 5, 7, 9, 11, 13, 15, 17, 19, 21, 23, 25, 27, 29, 31, 33, 35, 34, 32, 30, 28, 26, 24, 22, 20, 18, 16, 14, 12, 10, 8, 6, 4, 2]",,,,
116,hotel,125,Sunrise Riverside Hotel,Tiền Giang,10.35000000,106.35000000,545502.00,"[1, 3, 5, 7, 9, 11, 13, 15, 17, 19, 21, 23, 25, 27, 29, 31, 33, 35, 34, 32, 30, 28, 26, 24, 22, 20, 18, 16, 14, 12, 10, 8, 6, 4, 2]",4,hotel,,,,"[1, 3, 5, 7, 9, 11, 13, 15, 17, 19, 21, 23, 25, 27, 29, 31, 33, 35, 34, 32, 30, 28, 26, 24, 22, 20, 18, 16, 14, 12, 10, 8, 6, 4, 2]",,,,
117,hotel,126,Lotus Garden Hotel,Tiền Giang,10.50000000,106.30000000,890112.00,"[1, 3, 5, 7, 9, 11, 13, 15, 17, 19, 21, 23, 25, 27, 29, 31, 33, 35, 34, 32, 30, 28, 26, 24, 22, 20, 18, 16, 14, 12, 10, 8, 6, 4, 2]",5,resort,,,,"[1, 3, 5, 7, 9, 11, 13, 15, 17, 19, 21, 23, 25, 27, 29, 31, 33, 35, 34, 32, 30, 28, 26, 24, 22, 20, 18, 16, 14, 12, 10, 8, 6, 4, 2]",,,,
118,hotel,127,Ocean Pearl Hotel,Trà Vinh,9.95000000,106.33000000,502609.00,"[1, 3, 5, 7, 9, 11, 13, 15, 17, 19, 21, 23, 25, 27, 29, 31, 33, 35, 34, 32, 30, 28, 26, 24, 22, 20, 18, 16, 14, 12, 10, 8, 6, 4, 2]",4,hotel,,,,"[1, 3, 5, 7, 9, 11, 13, 15, 17, 19, 21, 23, 25, 27, 29, 31, 33, 35, 34, 32, 30, 28, 26, 24, 22, 20, 18, 16, 14, 12, 10, 8, 6, 4, 2]",,,,
119,hotel,128,Mangrove Retreat,Trà Vinh,9.90000000,106.20000000,1038575.00,"[1, 3, 5, 7, 9, 11, 13, 15, 17, 19, 21, 23, 25, 27, 29, 31, 33, 35, 34, 32, 30, 28, 26, 24, 22, 20, 18, 16, 14, 12, 10, 8, 6, 4, 2]",5,resort,,,,"[1, 3, 5, 7, 9, 11, 13, 15, 17, 19, 21, 23, 25, 27, 29, 31, 33, 35, 34, 32, 30, 28, 26, 24, 22, 20, 18, 16, 14, 12, 10, 8, 6, 4, 2]",,,,
120,hotel,129,Mountain View Hotel,Tuyên Quang,21.80000000,105.20000000,709439.00,"[1, 3, 5, 7, 9, 11, 13, 15, 17, 19, 21, 23, 25, 27, 29, 31, 33, 35, 34, 32, 30, 28, 26, 24, 22, 20, 18, 16, 14, 12, 10, 8, 6, 4, 2]",4,hotel,,,,"[1, 3, 5, 7, 9, 11, 13, 15, 17, 19, 21, 23, 25, 27, 29, 31, 33, 35, 34, 32, 30, 28, 26, 24, 22, 20, 18, 16, 14, 12, 10, 8, 6, 4, 2]",,,,
121,hotel,130,Riverbank Hotel,Tuyên Quang,21.90000000,105.15000000,632164.00,"[1, 3, 5, 7, 9, 11, 13, 15, 17, 19, 21, 23, 25, 27, 29, 31, 33, 35, 34, 32, 30, 28, 26, 24, 22, 20, 18, 16, 14, 12, 10, 8, 6, 4, 2]",5,hotel,,,,"[1, 3, 5, 7, 9, 11, 13, 15, 17, 19, 21, 23, 25, 27, 29, 31, 33, 35, 34, 32, 30, 28, 26, 24, 22, 20, 18, 16, 14, 12, 10, 8, 6, 4, 2]",,,,
122,hotel,131,Vinh Long Riverside Hotel,Vĩnh Long,10.24567800,105.98543200,830000.00,"[1, 3, 5, 7, 9, 11, 13, 15, 17, 19, 21, 23, 25, 27, 29, 31, 33, 35, 34, 32, 30, 28, 26, 24, 22, 20, 18, 16, 14, 12, 10, 8, 6, 4, 2]",4,hotel,,,,"[1, 3, 5, 7, 9, 11, 13, 15, 17, 19, 21, 23, 25, 27, 29, 31, 33, 35, 34, 32, 30, 28, 26, 24, 22, 20, 18, 16, 14, 12, 10, 8, 6, 4, 2]",,,,
123,hotel,132,Vinh Long Grand Hotel,Vĩnh Long,10.26123400,105.99234500,1250000.00,"[1, 3, 5, 7, 9, 11, 13, 15, 17, 19, 21, 23, 25, 27, 29, 31, 33, 35, 34, 32, 30, 28, 26, 24, 22, 20, 18, 16, 14, 12, 10, 8, 6, 4, 2]",5,resort,,,,"[1, 3, 5, 7, 9, 11, 13, 15, 17, 19, 21, 23, 25, 27, 29, 31, 33, 35, 34, 32, 30, 28, 26, 24, 22, 20, 18, 16, 14, 12, 10, 8, 6, 4, 2]",,,,
124,hotel,133,Vinh Phuc Central Hotel,Vĩnh Phúc,21.30543200,105.63456700,910000.00,"[1, 3, 5, 7, 9, 11, 13, 15, 17, 19, 21, 23, 25, 27, 29, 31, 33, 35, 34, 32, 30, 28, 26, 24, 22, 20, 18, 16, 14, 12, 10, 8, 6, 4, 2]",4,hotel,,,,"[1, 3, 5, 7, 9, 11, 13, 15, 17, 19, 21, 23, 25, 27, 29, 31, 33, 35, 34, 32, 30, 28, 26, 24, 22, 20, 18, 16, 14, 12, 10, 8, 6, 4, 2]",,,,
125,hotel,134,Vinh Phuc Luxury Resort,Vĩnh Phúc,21.32098700,105.65043200,1450000.00,"[1, 3, 5, 7, 9, 11, 13, 15, 17, 19, 21, 23, 25, 27, 29, 31, 33, 35, 34, 32, 30, 28, 26, 24, 22, 20, 18, 16, 14, 12, 10, 8, 6, 4, 2]",5,resort,,,,"[1, 3, 5, 7, 9, 11, 13, 15, 17, 19, 21, 23, 25, 27, 29, 31, 33, 35, 34, 32, 30, 28, 26, 24, 22, 20, 18, 16, 14, 12, 10, 8, 6, 4, 2]",,,,
126,hotel,135,Yen Bai Riverside Hotel,Yên Bái,21.71345600,104.89345600,720000.00,"[1, 3, 5, 7, 9, 11, 13, 15, 17, 19, 21, 23, 25, 27, 29, 31, 33, 35, 34, 32, 30, 28, 26, 24, 22, 20, 18, 16, 14, 12, 10, 8, 6, 4, 2]",3,hotel,,,,"[1, 3, 5, 7, 9, 11, 13, 15, 17, 19, 21, 23, 25, 27, 29, 31, 33, 35, 34, 32, 30, 28, 26, 24, 22, 20, 18, 16, 14, 12, 10, 8, 6, 4, 2]",,,,
127,hotel,136,Yen Bai Grand Hotel,Yên Bái,21.72098700,104.90012300,1380000.00,"[1, 3, 5, 7, 9, 11, 13, 15, 17, 19, 21, 23, 25, 27, 29, 31, 33, 35, 34, 32, 30, 28, 26, 24, 22, 20, 18, 16, 14, 12, 10, 8, 6, 4, 2]",5,resort,,,,"[1, 3, 5, 7, 9, 11, 13, 15, 17, 19, 21, 23, 25, 27, 29, 31, 33, 35, 34, 32, 30, 28, 26, 24, 22, 20, 18, 16, 14, 12, 10, 8, 6, 4, 2]",,,,
255,attraction,1,Rừng Tràm Trà Sư,An Giang,10.58590150,105.05826700,100000.00,"[""family"", ""groups"", ""couples"", ""solo"", ""guided_tour"", ""self_guided"", 1, 3]",,,,,landmark,,,,,"[""family"", ""groups"", ""couples"", ""solo""]"
256,attraction,2,Miếu Bà Chúa Xứ Núi Sam,An Giang,10.68211480,105.08016860,200000.00,"[""family"", ""elderly"", ""groups"", ""couples"", ""kids"", ""solo"", ""audio_guide"", ""guided_tour"", 11]",,,,,landmark,,,,,"[""family"", ""elderly"", ""groups"", ""couples"", ""kids"", ""solo""]"
257,attraction,3,Núi Cấm (Thiên Cấm Sơn),An Giang,10.49106380,104.99609090,120000.00,"[""solo"", ""couples"", ""kids"", ""family"", ""elderly"", ""groups"", ""pets"", ""audio_guide"", ""guided_tour"", 1, 3]",,,,,landmark,,,,,"[""solo"", ""couples"", ""kids"", ""family"", ""elderly"", ""groups"", ""pets""]"
258,attraction,4,Búng Bình Thiên,An Giang,10.92129140,105.07673330,130000.00,"[""family"", ""elderly"", ""groups"", ""pets"", ""kids"", ""couples"", ""solo"", ""guided_tour"", ""audio_guide"", ""self_guided"", ""virtual_tour"", 5, 3]",,,,,landmark,,,,,"[""family"", ""elderly"", ""groups"", ""pets"", ""kids"", ""couples"", ""solo""]"
259,attraction,5,Hồ Tà Pạ,An Giang,10.41346900,104.98859680,190000.00,"[""guided_tour"", ""audio_guide"", ""self_guided"", 1, 3, 5]",,,,,landmark,,,,,[]
260,attraction,6,Bãi Sau (Bãi Thùy Vân),TP. Hồ Chí Minh,10.33188870,107.08901410,100000.00,"[""family"", ""elderly"", ""groups"", ""pets"", ""couples"", ""solo"", ""kids"", ""self_guided"", ""guided_tour"", ""audio_guide"", 1, 3, 5]",,,,,landmark,,,,,"[""family"", ""elderly"", ""groups"", ""pets"", ""couples"", ""solo"", ""kids""]"
261,attraction,7,Tượng Chúa Kitô Vua,TP. Hồ Chí Minh,10.32650170,107.08452080,120000.00,"[""elderly"", ""couples"", ""solo"", ""groups"", ""family"", ""kids"", ""guided_tour"", ""self_guided"", 1, 3, 5]",,,,,cultural_site,,,,,"[""elderly"", ""couples"", ""solo"", ""groups"", ""family"", ""kids""]"
262,attraction,8,Hồ Đá Xanh,TP. Hồ Chí Minh,10.33410770,107.07765540,120000.00,"[""family"", ""groups"", ""pets"", ""kids"", ""couples"", ""solo"", ""guided_tour"", ""audio_guide"", ""virtual_tour"", ""self_guided"", 1, 2, 3]",,,,,natural_attraction,,,,,"[""family"", ""groups"", ""pets"", ""kids"", ""couples"", ""solo""]"
263,attraction,9,Hồ Cấm Sơn,Bắc Ninh,21.53163750,106.55913610,100000.00,"[""family"", ""guided_tour"", ""self_guided"", 1]",,,,,landmark,,,,,"[""family""]"
264,attraction,10,Thành cổ Xương Giang,Bắc Giang,21.29793550,106.22039100,100000.00,"[""family"", ""groups"", ""couples"", ""solo"", ""guided_tour"", ""self_guided"", 1, 3]",,,,,historical_site,,,,,"[""family"", ""groups"", ""couples"", ""solo""]"
265,attraction,11,Rừng nguyên sinh Khe Rỗ,Bắc Ninh,21.40045230,106.81672300,100000.00,"[""family"", ""groups"", ""couples"", ""solo"", ""guided_tour"", ""self_guided"", 1, 3]",,,,,natural_attraction,,,,,"[""family"", ""groups"", ""couples"", ""solo""]"
266,attraction,12,Chùa Bổ Đà,Bắc Ninh,21.22135867,106.25044476,100000.00,"[""family"", ""groups"", ""couples"", ""solo"", ""guided_tour"", ""self_guided"", 1, 3]",,,,,temple,,,,,"[""family"", ""groups"", ""couples"", ""solo""]"
267,attraction,13,Hồ Ba Bể,Bắc Kạn,22.41056000,105.62123000,100000.00,"[""family"", ""groups"", ""couples"", ""solo"", ""guided_tour"", ""self_guided"", 1, 3]",,,,,natural_attraction,,,,,"[""family"", ""groups"", ""couples"", ""solo""]"
268,attraction,14,Vườn quốc gia Ba Bể,Bắc Kạn,22.41320000,105.61980000,100000.00,"[""family"", ""groups"", ""couples"", ""solo"", ""guided_tour"", ""self_guided"", 1, 3]",,,,,park,,,,,"[""family"", ""groups"", ""couples"", ""solo""]"
269,attraction,15,Thác Đầu Đẳng,Bắc Kạn,22.39891000,105.62854000,100000.00,"[""family"", ""groups"", ""couples"", ""solo"", ""guided_tour"", ""self_guided"", 1, 3]",,,,,natural_attraction,,,,,"[""family"", ""groups"", ""couples"", ""solo""]"
270,attraction,16,Động Puông,Bắc Kạn,22.40172000,105.63218000,100000.00,"[""family"", ""groups"", ""couples"", ""solo"", ""guided_tour"", ""self_guided"", 1, 3]",,,,,natural_attraction,,,,,"[""family"", ""groups"", ""couples"", ""solo""]"
271,attraction,17,Ao Tiên,Bắc Kạn,22.40718000,105.61792000,100000.00,"[""family"", ""groups"", ""couples"", ""solo"", ""guided_tour"", ""self_guided"", 1, 3]",,,,,natural_attraction,,,,,"[""family"", ""groups"", ""couples"", ""solo""]"
272,attraction,18,Đền An Mạ,Bắc Kạn,22.40992000,105.62011000,100000.00,"[""family"", ""groups"", ""couples"", ""solo"", ""guided_tour"", ""self_guided"", 1, 3]",,,,,temple,,,,,"[""family"", ""groups"", ""couples"", ""solo""]"
273,attraction,19,Bản Pác Ngòi,Bắc Kạn,22.40642000,105.62488000,100000.00,"[""family"", ""groups"", ""couples"", ""solo"", ""guided_tour"", ""self_guided"", 1, 3]",,,,,cultural_site,,,,,"[""family"", ""groups"", ""couples"", ""solo""]"
274,attraction,20,Thác Bạc,Bắc Kạn,22.39521000,105.64021000,100000.00,"[""family"", ""groups"", ""couples"", ""solo"", ""guided_tour"", ""self_guided"", 1, 3]",,,,,natural_attraction,,,,,"[""family"", ""groups"", ""couples"", ""solo""]"
275,attraction,21,Động Nàng Tiên,Bắc Kạn,22.15582000,106.07521000,100000.00,"[""family"", ""groups"", ""couples"", ""solo"", ""guided_tour"", ""self_guided"", 1, 3]",,,,,natural_attraction,,,,,"[""family"", ""groups"", ""couples"", ""solo""]"
276,attraction,22,Chợ Bắc Kạn,Bắc Kạn,22.14705000,105.83421000,100000.00,"[""family"", ""groups"", ""couples"", ""solo"", ""guided_tour"", ""self_guided"", 1, 3]",,,,,landmark,,,,,"[""family"", ""groups"", ""couples"", ""solo""]"
277,attraction,33,Nhà Công tử Bạc Liêu,Bạc Liêu,9.28598000,105.72439000,135000.00,"[""family"", ""groups"", ""couples"", ""solo"", ""guided_tour"", ""self_guided"", 1, 3]",,,,,natural_attraction,,,,,"[""family"", ""groups"", ""couples"", ""solo""]"
278,attraction,34,Quảng trường Hùng Vương,Bạc Liêu,9.29412000,105.72165000,50000.00,"[""family"", ""groups"", ""couples"", ""solo"", ""guided_tour"", ""self_guided"", 1, 3]",,,,,natural_attraction,,,,,"[""family"", ""groups"", ""couples"", ""solo""]"
279,attraction,35,Cánh đồng điện gió Bạc Liêu,Bạc Liêu,9.23045000,105.75688000,180000.00,"[""family"", ""groups"", ""couples"", ""solo"", ""guided_tour"", ""self_guided"", 1, 3]",,,,,natural_attraction,,,,,"[""family"", ""groups"", ""couples"", ""solo""]"
280,attraction,36,Chùa Xiêm Cán,Bạc Liêu,9.23456000,105.73982000,90000.00,"[""family"", ""groups"", ""couples"", ""solo"", ""guided_tour"", ""self_guided"", 1, 3]",,,,,natural_attraction,,,,,"[""family"", ""groups"", ""couples"", ""solo""]"
281,attraction,37,Vườn chim Bạc Liêu,Bạc Liêu,9.30124000,105.73345000,160000.00,"[""family"", ""groups"", ""couples"", ""solo"", ""guided_tour"", ""self_guided"", 1, 3]",,,,,natural_attraction,,,,,"[""family"", ""groups"", ""couples"", ""solo""]"
282,attraction,38,Chùa Dâu,Bắc Ninh,21.02883000,106.04021000,75000.00,"[""family"", ""groups"", ""couples"", ""solo"", ""guided_tour"", ""self_guided"", 1, 3]",,,,,natural_attraction,,,,,"[""family"", ""groups"", ""couples"", ""solo""]"
283,attraction,39,Đền Đô,Bắc Ninh,21.08754000,105.96483000,120000.00,"[""family"", ""groups"", ""couples"", ""solo"", ""guided_tour"", ""self_guided"", 1, 3]",,,,,natural_attraction,,,,,"[""family"", ""groups"", ""couples"", ""solo""]"
284,attraction,40,Làng tranh Đông Hồ,Bắc Ninh,21.03472000,106.02845000,150000.00,"[""family"", ""groups"", ""couples"", ""solo"", ""guided_tour"", ""self_guided"", 1, 3]",,,,,natural_attraction,,,,,"[""family"", ""groups"", ""couples"", ""solo""]"
285,attraction,41,Chùa Phật Tích,Bắc Ninh,21.08632000,106.01094000,90000.00,"[""family"", ""groups"", ""couples"", ""solo"", ""guided_tour"", ""self_guided"", 1, 3]",,,,,natural_attraction,,,,,"[""family"", ""groups"", ""couples"", ""solo""]"
286,attraction,42,Đền Bà Chúa Kho,Bắc Ninh,21.18712000,106.07354000,180000.00,"[""family"", ""groups"", ""couples"", ""solo"", ""guided_tour"", ""self_guided"", 1, 3]",,,,,natural_attraction,,,,,"[""family"", ""groups"", ""couples"", ""solo""]"
287,attraction,43,Cồn Phụng,Bến Tre,10.26198000,106.01245000,120000.00,"[""family"", ""groups"", ""couples"", ""solo"", ""guided_tour"", ""self_guided"", 1, 3]",,,,,natural_attraction,,,,,"[""family"", ""groups"", ""couples"", ""solo""]"
288,attraction,44,Cồn Quy,Bến Tre,10.26843000,106.02218000,90000.00,"[""family"", ""groups"", ""couples"", ""solo"", ""guided_tour"", ""self_guided"", 1, 3]",,,,,natural_attraction,,,,,"[""family"", ""groups"", ""couples"", ""solo""]"
289,attraction,45,Cồn Phú Đa,Bến Tre,10.19987000,105.99231000,150000.00,"[""family"", ""groups"", ""couples"", ""solo"", ""guided_tour"", ""self_guided"", 1, 3]",,,,,natural_attraction,,,,,"[""family"", ""groups"", ""couples"", ""solo""]"
290,attraction,46,Làng du lịch Châu Thành,Bến Tre,10.30456000,106.08123000,80000.00,"[""family"", ""groups"", ""couples"", ""solo"", ""guided_tour"", ""self_guided"", 1, 3]",,,,,natural_attraction,,,,,"[""family"", ""groups"", ""couples"", ""solo""]"
291,attraction,47,Khu du lịch Lan Vương,Bến Tre,10.23543000,106.37912000,200000.00,"[""family"", ""groups"", ""couples"", ""solo"", ""guided_tour"", ""self_guided"", 1, 3]",,,,,natural_attraction,,,,,"[""family"", ""groups"", ""couples"", ""solo""]"
292,attraction,64,Eo Gió Quy Nhơn,Bình Định,13.76956000,109.29743000,150000.00,"[""family"", ""groups"", ""couples"", ""solo"", ""guided_tour"", ""self_guided"", 1, 3]",,,,,natural_attraction,,,,,"[""family"", ""groups"", ""couples"", ""solo""]"
293,attraction,65,Tháp Đôi Quy Nhơn,Bình Định,13.77592000,109.22418000,80000.00,"[""family"", ""groups"", ""couples"", ""solo"", ""guided_tour"", ""self_guided"", 1, 3]",,,,,natural_attraction,,,,,"[""family"", ""groups"", ""couples"", ""solo""]"
294,attraction,66,Khu du lịch Đại Nam,Bình Dương,11.10147000,106.65896000,200000.00,"[""family"", ""groups"", ""couples"", ""solo"", ""guided_tour"", ""self_guided"", 1, 3]",,,,,natural_attraction,,,,,"[""family"", ""groups"", ""couples"", ""solo""]"
295,attraction,67,Chùa Hội Khánh,Bình Dương,11.00426000,106.65034000,60000.00,"[""family"", ""groups"", ""couples"", ""solo"", ""guided_tour"", ""self_guided"", 1, 3]",,,,,natural_attraction,,,,,"[""family"", ""groups"", ""couples"", ""solo""]"
296,attraction,68,Vườn quốc gia Bù Gia Mập,Bình Phước,12.20378000,107.19452000,120000.00,"[""family"", ""groups"", ""couples"", ""solo"", ""guided_tour"", ""self_guided"", 1, 3]",,,,,natural_attraction,,,,,"[""family"", ""groups"", ""couples"", ""solo""]"
297,attraction,69,Sóc Bom Bo,Bình Phước,12.12194000,107.23871000,70000.00,"[""family"", ""groups"", ""couples"", ""solo"", ""guided_tour"", ""self_guided"", 1, 3]",,,,,natural_attraction,,,,,"[""family"", ""groups"", ""couples"", ""solo""]"
298,attraction,70,Đồi cát Mũi Né,Bình Thuận,10.94968000,108.27396000,90000.00,"[""family"", ""groups"", ""couples"", ""solo"", ""guided_tour"", ""self_guided"", 1, 3]",,,,,natural_attraction,,,,,"[""family"", ""groups"", ""couples"", ""solo""]"
299,attraction,71,Hải đăng Kê Gà,Bình Thuận,10.72394000,107.97382000,110000.00,"[""family"", ""groups"", ""couples"", ""solo"", ""guided_tour"", ""self_guided"", 1, 3]",,,,,natural_attraction,,,,,"[""family"", ""groups"", ""couples"", ""solo""]"
300,attraction,72,Mũi Cà Mau,Cà Mau,8.56278000,104.96972000,150000.00,"[""family"", ""groups"", ""couples"", ""solo"", ""guided_tour"", ""self_guided"", 1, 3]",,,,,natural_attraction,,,,,"[""family"", ""groups"", ""couples"", ""solo""]"
301,attraction,73,Vườn quốc gia U Minh Hạ,Cà Mau,9.35722000,105.10389000,90000.00,"[""family"", ""groups"", ""couples"", ""solo"", ""guided_tour"", ""self_guided"", 1, 3]",,,,,natural_attraction,,,,,"[""family"", ""groups"", ""couples"", ""solo""]"
302,attraction,74,Chợ nổi Cái Răng,Cần Thơ,10.01245000,105.78882000,80000.00,"[""family"", ""groups"", ""couples"", ""solo"", ""guided_tour"", ""self_guided"", 1, 3]",,,,,natural_attraction,,,,,"[""family"", ""groups"", ""couples"", ""solo""]"
303,attraction,75,Bến Ninh Kiều,Cần Thơ,10.04516000,105.74685000,120000.00,"[""family"", ""groups"", ""couples"", ""solo"", ""guided_tour"", ""self_guided"", 1, 3]",,,,,natural_attraction,,,,,"[""family"", ""groups"", ""couples"", ""solo""]"
304,attraction,76,Thác Bản Giốc,Cao Bằng,22.85361000,106.72278000,180000.00,"[""family"", ""groups"", ""couples"", ""solo"", ""guided_tour"", ""self_guided"", 1, 3]",,,,,natural_attraction,,,,,"[""family"", ""groups"", ""couples"", ""solo""]"
305,attraction,77,Động Ngườm Ngao,Cao Bằng,22.85722000,106.72833000,70000.00,"[""family"", ""groups"", ""couples"", ""solo"", ""guided_tour"", ""self_guided"", 1, 3]",,,,,natural_attraction,,,,,"[""family"", ""groups"", ""couples"", ""solo""]"
306,attraction,78,Bà Nà Hills,Đà Nẵng,15.99556000,107.99667000,200000.00,"[""family"", ""groups"", ""couples"", ""solo"", ""guided_tour"", ""self_guided"", 1, 3]",,,,,natural_attraction,,,,,"[""family"", ""groups"", ""couples"", ""solo""]"
307,attraction,79,Bãi biển Mỹ Khê,Đà Nẵng,16.05941000,108.24682000,60000.00,"[""family"", ""groups"", ""couples"", ""solo"", ""guided_tour"", ""self_guided"", 1, 3]",,,,,natural_attraction,,,,,"[""family"", ""groups"", ""couples"", ""solo""]"
308,attraction,80,Hồ Lắk,Đắk Lắk,12.48056000,108.20623000,120000.00,"[""family"", ""groups"", ""couples"", ""solo"", ""guided_tour"", ""self_guided"", 1, 3]",,,,,natural_attraction,,,,,"[""family"", ""groups"", ""couples"", ""solo""]"
309,attraction,81,Thác Dray Nur,Đắk Lắk,12.48692000,107.99741000,180000.00,"[""family"", ""groups"", ""couples"", ""solo"", ""guided_tour"", ""self_guided"", 1, 3]",,,,,natural_attraction,,,,,"[""family"", ""groups"", ""couples"", ""solo""]"
310,attraction,82,Thác Gia Long,Đắk Nông,12.49234000,107.98912000,95000.00,"[""family"", ""groups"", ""couples"", ""solo"", ""guided_tour"", ""self_guided"", 1, 3]",,,,,natural_attraction,,,,,"[""family"", ""groups"", ""couples"", ""solo""]"
311,attraction,83,Hồ Tà Đùng,Đắk Nông,11.93156000,107.92234000,160000.00,"[""family"", ""groups"", ""couples"", ""solo"", ""guided_tour"", ""self_guided"", 1, 3]",,,,,natural_attraction,,,,,"[""family"", ""groups"", ""couples"", ""solo""]"
312,attraction,84,Đồi A1,Điện Biên,21.38456000,103.00923000,70000.00,"[""family"", ""groups"", ""couples"", ""solo"", ""guided_tour"", ""self_guided"", 1, 3]",,,,,natural_attraction,,,,,"[""family"", ""groups"", ""couples"", ""solo""]"
313,attraction,85,Bảo tàng Chiến thắng Điện Biên Phủ,Điện Biên,21.38612000,103.01256000,90000.00,"[""family"", ""groups"", ""couples"", ""solo"", ""guided_tour"", ""self_guided"", 1, 3]",,,,,natural_attraction,,,,,"[""family"", ""groups"", ""couples"", ""solo""]"
314,attraction,86,Vườn quốc gia Cát Tiên,Đồng Nai,11.42156000,107.42323000,200000.00,"[""family"", ""groups"", ""couples"", ""solo"", ""guided_tour"", ""self_guided"", 1, 3]",,,,,natural_attraction,,,,,"[""family"", ""groups"", ""couples"", ""solo""]"
315,attraction,87,Khu du lịch Bửu Long,Đồng Nai,10.95734000,106.82512000,85000.00,"[""family"", ""groups"", ""couples"", ""solo"", ""guided_tour"", ""self_guided"", 1, 3]",,,,,natural_attraction,,,,,"[""family"", ""groups"", ""couples"", ""solo""]"
316,attraction,88,Vườn quốc gia Tràm Chim,Đồng Tháp,10.71656000,105.49123000,150000.00,"[""family"", ""groups"", ""couples"", ""solo"", ""guided_tour"", ""self_guided"", 1, 3]",,,,,natural_attraction,,,,,"[""family"", ""groups"", ""couples"", ""solo""]"
317,attraction,89,Làng hoa Sa Đéc,Đồng Tháp,10.30345000,105.74623000,60000.00,"[""family"", ""groups"", ""couples"", ""solo"", ""guided_tour"", ""self_guided"", 1, 3]",,,,,natural_attraction,,,,,"[""family"", ""groups"", ""couples"", ""solo""]"
318,attraction,90,Biển Hồ T’Nưng,Gia Lai,13.99583000,108.00912000,150000.00,"[""family"", ""groups"", ""couples"", ""solo"", ""guided_tour"", ""self_guided"", 1, 3]",,,,,natural_attraction,,,,,"[""family"", ""groups"", ""couples"", ""solo""]"
319,attraction,91,Thác Phú Cường,Gia Lai,13.74056000,108.09987000,90000.00,"[""family"", ""groups"", ""couples"", ""solo"", ""guided_tour"", ""self_guided"", 1, 3]",,,,,natural_attraction,,,,,"[""family"", ""groups"", ""couples"", ""solo""]"
320,attraction,92,Cột cờ Lũng Cú,Hà Giang,23.35672000,105.31715000,120000.00,"[""family"", ""groups"", ""couples"", ""solo"", ""guided_tour"", ""self_guided"", 1, 3]",,,,,natural_attraction,,,,,"[""family"", ""groups"", ""couples"", ""solo""]"
321,attraction,93,Đèo Mã Pì Lèng,Hà Giang,23.24389000,105.40361000,180000.00,"[""family"", ""groups"", ""couples"", ""solo"", ""guided_tour"", ""self_guided"", 1, 3]",,,,,natural_attraction,,,,,"[""family"", ""groups"", ""couples"", ""solo""]"
322,attraction,94,Chùa Tam Chúc,Hà Nam,20.55321000,105.85543000,200000.00,"[""family"", ""groups"", ""couples"", ""solo"", ""guided_tour"", ""self_guided"", 1, 3]",,,,,natural_attraction,,,,,"[""family"", ""groups"", ""couples"", ""solo""]"
323,attraction,95,Ngũ Động Sơn,Hà Nam,20.57112000,105.86578000,70000.00,"[""family"", ""groups"", ""couples"", ""solo"", ""guided_tour"", ""self_guided"", 1, 3]",,,,,natural_attraction,,,,,"[""family"", ""groups"", ""couples"", ""solo""]"
324,attraction,96,Hồ Hoàn Kiếm,Hà Nội,21.02851000,105.85202000,50000.00,"[""family"", ""groups"", ""couples"", ""solo"", ""guided_tour"", ""self_guided"", 1, 3]",,,,,natural_attraction,,,,,"[""family"", ""groups"", ""couples"", ""solo""]"
325,attraction,97,Văn Miếu Quốc Tử Giám,Hà Nội,21.02899000,105.83543000,110000.00,"[""family"", ""groups"", ""couples"", ""solo"", ""guided_tour"", ""self_guided"", 1, 3]",,,,,natural_attraction,,,,,"[""family"", ""groups"", ""couples"", ""solo""]"
326,attraction,98,Biển Thiên Cầm,Hà Tĩnh,18.26891000,106.05321000,160000.00,"[""family"", ""groups"", ""couples"", ""solo"", ""guided_tour"", ""self_guided"", 1, 3]",,,,,natural_attraction,,,,,"[""family"", ""groups"", ""couples"", ""solo""]"
327,attraction,99,Khu di tích Nguyễn Du,Hà Tĩnh,18.63342000,105.76891000,80000.00,"[""family"", ""groups"", ""couples"", ""solo"", ""guided_tour"", ""self_guided"", 1, 3]",,,,,natural_attraction,,,,,"[""family"", ""groups"", ""couples"", ""solo""]"
328,attraction,100,Côn Sơn – Kiếp Bạc,Hải Dương,21.14652000,106.38921000,120000.00,"[""family"", ""groups"", ""couples"", ""solo"", ""guided_tour"", ""self_guided"", 1, 3]",,,,,natural_attraction,,,,,"[""family"", ""groups"", ""couples"", ""solo""]"
329,attraction,101,Đảo Cò Chi Lăng Nam,Hải Dương,20.77364000,106.20541000,80000.00,"[""family"", ""groups"", ""couples"", ""solo"", ""guided_tour"", ""self_guided"", 1, 3]",,,,,natural_attraction,,,,,"[""family"", ""groups"", ""couples"", ""solo""]"
330,attraction,102,Đồ Sơn,Hải Phòng,20.71056000,106.79732000,150000.00,"[""family"", ""groups"", ""couples"", ""solo"", ""guided_tour"", ""self_guided"", 1, 3]",,,,,natural_attraction,,,,,"[""family"", ""groups"", ""couples"", ""solo""]"
331,attraction,103,Vịnh Lan Hạ,Hải Phòng,20.74123000,107.05678000,180000.00,"[""family"", ""groups"", ""couples"", ""solo"", ""guided_tour"", ""self_guided"", 1, 3]",,,,,natural_attraction,,,,,"[""family"", ""groups"", ""couples"", ""solo""]"
332,attraction,104,Chợ nổi Ngã Bảy,Hậu Giang,9.81956000,105.81823000,70000.00,"[""family"", ""groups"", ""couples"", ""solo"", ""guided_tour"", ""self_guided"", 1, 3]",,,,,natural_attraction,,,,,"[""family"", ""groups"", ""couples"", ""solo""]"
333,attraction,105,Khu bảo tồn Lung Ngọc Hoàng,Hậu Giang,9.74123000,105.67654000,90000.00,"[""family"", ""groups"", ""couples"", ""solo"", ""guided_tour"", ""self_guided"", 1, 3]",,,,,natural_attraction,,,,,"[""family"", ""groups"", ""couples"", ""solo""]"
334,attraction,106,Địa đạo Củ Chi,TP. Hồ Chí Minh,11.14243000,106.46423000,110000.00,"[""family"", ""groups"", ""couples"", ""solo"", ""guided_tour"", ""self_guided"", 1, 3]",,,,,natural_attraction,,,,,"[""family"", ""groups"", ""couples"", ""solo""]"
335,attraction,107,Bưu điện Trung tâm Sài Gòn,TP. Hồ Chí Minh,10.77978000,106.69918000,50000.00,"[""family"", ""groups"", ""couples"", ""solo"", ""guided_tour"", ""self_guided"", 1, 3]",,,,,natural_attraction,,,,,"[""family"", ""groups"", ""couples"", ""solo""]"
336,attraction,108,Thung lũng Mai Châu,Hòa Bình,20.65987000,105.09876000,160000.00,"[""family"", ""groups"", ""couples"", ""solo"", ""guided_tour"", ""self_guided"", 1, 3]",,,,,natural_attraction,,,,,"[""family"", ""groups"", ""couples"", ""solo""]"
337,attraction,109,Thác Thăng Thiên,Hòa Bình,20.90876000,105.34512000,130000.00,"[""family"", ""groups"", ""couples"", ""solo"", ""guided_tour"", ""self_guided"", 1, 3]",,,,,natural_attraction,,,,,"[""family"", ""groups"", ""couples"", ""solo""]"
338,attraction,110,Hồ Bán Nguyệt Văn Giang,Hưng Yên,20.94632000,105.93045000,85000.00,"[""family"", ""groups"", ""couples"", ""solo"", ""guided_tour"", ""self_guided"", 1, 3]",,,,,natural_attraction,,,,,"[""family"", ""groups"", ""couples"", ""solo""]"
339,attraction,111,Chùa Nôm,Hưng Yên,20.97512000,105.94288000,60000.00,"[""family"", ""groups"", ""couples"", ""solo"", ""guided_tour"", ""self_guided"", 1, 3]",,,,,natural_attraction,,,,,"[""family"", ""groups"", ""couples"", ""solo""]"
340,attraction,112,Tháp Bà Ponagar,Khánh Hòa,12.26598000,109.19534000,120000.00,"[""family"", ""groups"", ""couples"", ""solo"", ""guided_tour"", ""self_guided"", 1, 3]",,,,,natural_attraction,,,,,"[""family"", ""groups"", ""couples"", ""solo""]"
341,attraction,113,Bãi Dài Cam Ranh,Khánh Hòa,11.99874000,109.21956000,150000.00,"[""family"", ""groups"", ""couples"", ""solo"", ""guided_tour"", ""self_guided"", 1, 3]",,,,,natural_attraction,,,,,"[""family"", ""groups"", ""couples"", ""solo""]"
342,attraction,114,Bãi Sao Phú Quốc,Kiên Giang,10.05043000,104.02689000,180000.00,"[""family"", ""groups"", ""couples"", ""solo"", ""guided_tour"", ""self_guided"", 1, 3]",,,,,natural_attraction,,,,,"[""family"", ""groups"", ""couples"", ""solo""]"
343,attraction,115,Hòn Phụ Tử,Kiên Giang,10.18654000,104.63621000,70000.00,"[""family"", ""groups"", ""couples"", ""solo"", ""guided_tour"", ""self_guided"", 1, 3]",,,,,natural_attraction,,,,,"[""family"", ""groups"", ""couples"", ""solo""]"
344,attraction,116,Nhà thờ Gỗ Kon Tum,Kon Tum,14.35490000,108.00760000,75000.00,"[""family"", ""groups"", ""couples"", ""solo"", ""guided_tour"", ""self_guided"", 1, 3]",,,,,natural_attraction,,,,,"[""family"", ""groups"", ""couples"", ""solo""]"
345,attraction,117,Cầu treo Kon Klor,Kon Tum,14.37020000,107.99580000,120000.00,"[""family"", ""groups"", ""couples"", ""solo"", ""guided_tour"", ""self_guided"", 1, 3]",,,,,natural_attraction,,,,,"[""family"", ""groups"", ""couples"", ""solo""]"
346,attraction,118,Đèo Ô Quy Hồ,Lai Châu,22.35680000,103.76820000,180000.00,"[""family"", ""groups"", ""couples"", ""solo"", ""guided_tour"", ""self_guided"", 1, 3]",,,,,natural_attraction,,,,,"[""family"", ""groups"", ""couples"", ""solo""]"
347,attraction,119,Cao nguyên Sìn Hồ,Lai Châu,22.34550000,103.26870000,95000.00,"[""family"", ""groups"", ""couples"", ""solo"", ""guided_tour"", ""self_guided"", 1, 3]",,,,,natural_attraction,,,,,"[""family"", ""groups"", ""couples"", ""solo""]"
348,attraction,120,Hồ Xuân Hương,Lâm Đồng,11.94040000,108.44190000,150000.00,"[""family"", ""groups"", ""couples"", ""solo"", ""guided_tour"", ""self_guided"", 1, 3]",,,,,natural_attraction,,,,,"[""family"", ""groups"", ""couples"", ""solo""]"
349,attraction,121,Thác Datanla,Lâm Đồng,11.90360000,108.44250000,200000.00,"[""family"", ""groups"", ""couples"", ""solo"", ""guided_tour"", ""self_guided"", 1, 3]",,,,,natural_attraction,,,,,"[""family"", ""groups"", ""couples"", ""solo""]"
350,attraction,122,Động Tam Thanh,Lạng Sơn,21.85398000,106.76121000,75000.00,"[""family"", ""groups"", ""couples"", ""solo"", ""guided_tour"", ""self_guided"", 1, 3]",,,,,natural_attraction,,,,,"[""family"", ""groups"", ""couples"", ""solo""]"
351,attraction,123,Núi Tô Thị,Lạng Sơn,21.85465000,106.76048000,120000.00,"[""family"", ""groups"", ""couples"", ""solo"", ""guided_tour"", ""self_guided"", 1, 3]",,,,,natural_attraction,,,,,"[""family"", ""groups"", ""couples"", ""solo""]"
352,attraction,124,Đỉnh Fansipan,Lào Cai,22.30393000,103.77572000,200000.00,"[""family"", ""groups"", ""couples"", ""solo"", ""guided_tour"", ""self_guided"", 1, 3]",,,,,natural_attraction,,,,,"[""family"", ""groups"", ""couples"", ""solo""]"
353,attraction,125,Bản Cát Cát,Lào Cai,22.33112000,103.84324000,90000.00,"[""family"", ""groups"", ""couples"", ""solo"", ""guided_tour"", ""self_guided"", 1, 3]",,,,,natural_attraction,,,,,"[""family"", ""groups"", ""couples"", ""solo""]"
354,attraction,126,Làng nổi Tân Lập,Long An,10.74269000,105.79633000,150000.00,"[""family"", ""groups"", ""couples"", ""solo"", ""guided_tour"", ""self_guided"", 1, 3]",,,,,natural_attraction,,,,,"[""family"", ""groups"", ""couples"", ""solo""]"
355,attraction,127,Công viên 7 Kỳ Quan,Long An,10.90354000,106.40621000,60000.00,"[""family"", ""groups"", ""couples"", ""solo"", ""guided_tour"", ""self_guided"", 1, 3]",,,,,natural_attraction,,,,,"[""family"", ""groups"", ""couples"", ""solo""]"
356,attraction,128,Nhà thờ đá Bùi Chu,Nam Định,20.33360000,106.35690000,120000.00,"[""family"", ""groups"", ""couples"", ""solo"", ""guided_tour"", ""self_guided"", 1, 3]",,,,,natural_attraction,,,,,"[""family"", ""groups"", ""couples"", ""solo""]"
357,attraction,129,Biển Thịnh Long,Nam Định,20.10380000,106.32470000,180000.00,"[""family"", ""groups"", ""couples"", ""solo"", ""guided_tour"", ""self_guided"", 1, 3]",,,,,natural_attraction,,,,,"[""family"", ""groups"", ""couples"", ""solo""]"
358,attraction,130,Biển Cửa Lò,Nghệ An,18.80640000,105.71480000,150000.00,"[""family"", ""groups"", ""couples"", ""solo"", ""guided_tour"", ""self_guided"", 1, 3]",,,,,natural_attraction,,,,,"[""family"", ""groups"", ""couples"", ""solo""]"
359,attraction,131,Quê Bác Hồ Kim Liên,Nghệ An,18.67650000,105.55860000,90000.00,"[""family"", ""groups"", ""couples"", ""solo"", ""guided_tour"", ""self_guided"", 1, 3]",,,,,natural_attraction,,,,,"[""family"", ""groups"", ""couples"", ""solo""]"
360,attraction,132,Tràng An,Ninh Bình,20.25000000,105.90000000,200000.00,"[""family"", ""groups"", ""couples"", ""solo"", ""guided_tour"", ""self_guided"", 1, 3]",,,,,natural_attraction,,,,,"[""family"", ""groups"", ""couples"", ""solo""]"
361,attraction,133,Chùa Bái Đính,Ninh Bình,20.31560000,105.86420000,70000.00,"[""family"", ""groups"", ""couples"", ""solo"", ""guided_tour"", ""self_guided"", 1, 3]",,,,,natural_attraction,,,,,"[""family"", ""groups"", ""couples"", ""solo""]"
362,attraction,134,Vịnh Vĩnh Hy,Ninh Thuận,11.72950000,109.21430000,150000.00,"[""family"", ""groups"", ""couples"", ""solo"", ""guided_tour"", ""self_guided"", 1, 3]",,,,,natural_attraction,,,,,"[""family"", ""groups"", ""couples"", ""solo""]"
363,attraction,135,Tháp Po Klong Garai,Ninh Thuận,11.56790000,108.98810000,80000.00,"[""family"", ""groups"", ""couples"", ""solo"", ""guided_tour"", ""self_guided"", 1, 3]",,,,,natural_attraction,,,,,"[""family"", ""groups"", ""couples"", ""solo""]"
364,attraction,136,Đền Hùng,Phú Thọ,21.37120000,105.32880000,50000.00,"[""family"", ""groups"", ""couples"", ""solo"", ""guided_tour"", ""self_guided"", 1, 3]",,,,,natural_attraction,,,,,"[""family"", ""groups"", ""couples"", ""solo""]"
365,attraction,137,Vườn Quốc gia Xuân Sơn,Phú Thọ,21.13060000,104.96320000,120000.00,"[""family"", ""groups"", ""couples"", ""solo"", ""guided_tour"", ""self_guided"", 1, 3]",,,,,natural_attraction,,,,,"[""family"", ""groups"", ""couples"", ""solo""]"
366,attraction,138,Gành Đá Đĩa,Phú Yên,13.34740000,109.29160000,90000.00,"[""family"", ""groups"", ""couples"", ""solo"", ""guided_tour"", ""self_guided"", 1, 3]",,,,,natural_attraction,,,,,"[""family"", ""groups"", ""couples"", ""solo""]"
367,attraction,139,Bãi Xép,Phú Yên,13.24090000,109.30870000,200000.00,"[""family"", ""groups"", ""couples"", ""solo"", ""guided_tour"", ""self_guided"", 1, 3]",,,,,natural_attraction,,,,,"[""family"", ""groups"", ""couples"", ""solo""]"
368,attraction,140,Động Phong Nha,Quảng Bình,17.54896000,106.28430000,150000.00,"[""family"", ""groups"", ""couples"", ""solo"", ""guided_tour"", ""self_guided"", 1, 3]",,,,,natural_attraction,,,,,"[""family"", ""groups"", ""couples"", ""solo""]"
369,attraction,141,Bãi biển Nhật Lệ,Quảng Bình,17.46685000,106.61330000,80000.00,"[""family"", ""groups"", ""couples"", ""solo"", ""guided_tour"", ""self_guided"", 1, 3]",,,,,natural_attraction,,,,,"[""family"", ""groups"", ""couples"", ""solo""]"
370,attraction,142,Phố cổ Hội An,Quảng Nam,15.88006000,108.33800000,120000.00,"[""family"", ""groups"", ""couples"", ""solo"", ""guided_tour"", ""self_guided"", 1, 3]",,,,,natural_attraction,,,,,"[""family"", ""groups"", ""couples"", ""solo""]"
371,attraction,143,Thánh địa Mỹ Sơn,Quảng Nam,15.77195000,108.11090000,180000.00,"[""family"", ""groups"", ""couples"", ""solo"", ""guided_tour"", ""self_guided"", 1, 3]",,,,,natural_attraction,,,,,"[""family"", ""groups"", ""couples"", ""solo""]"
372,attraction,144,Đảo Lý Sơn,Quảng Ngãi,15.38672000,109.11160000,200000.00,"[""family"", ""groups"", ""couples"", ""solo"", ""guided_tour"", ""self_guided"", 1, 3]",,,,,natural_attraction,,,,,"[""family"", ""groups"", ""couples"", ""solo""]"
373,attraction,145,Bãi biển Mỹ Khê Quảng Ngãi,Quảng Ngãi,15.17685000,108.86350000,70000.00,"[""family"", ""groups"", ""couples"", ""solo"", ""guided_tour"", ""self_guided"", 1, 3]",,,,,natural_attraction,,,,,"[""family"", ""groups"", ""couples"", ""solo""]"
374,attraction,146,Vịnh Hạ Long,Quảng Ninh,20.91005100,107.18390200,180000.00,"[""family"", ""groups"", ""couples"", ""solo"", ""guided_tour"", ""self_guided"", 1, 3]",,,,,natural_attraction,,,,,"[""family"", ""groups"", ""couples"", ""solo""]"
375,attraction,147,Núi Yên Tử,Quảng Ninh,21.14277800,106.73583300,95000.00,"[""family"", ""groups"", ""couples"", ""solo"", ""guided_tour"", ""self_guided"", 1, 3]",,,,,natural_attraction,,,,,"[""family"", ""groups"", ""couples"", ""solo""]"
376,attraction,148,Thành cổ Quảng Trị,Quảng Trị,16.74638900,107.18583300,60000.00,"[""family"", ""groups"", ""couples"", ""solo"", ""guided_tour"", ""self_guided"", 1, 3]",,,,,natural_attraction,,,,,"[""family"", ""groups"", ""couples"", ""solo""]"
377,attraction,149,Cầu Hiền Lương – Sông Bến Hải,Quảng Trị,17.04166700,106.60333300,75000.00,"[""family"", ""groups"", ""couples"", ""solo"", ""guided_tour"", ""self_guided"", 1, 3]",,,,,natural_attraction,,,,,"[""family"", ""groups"", ""couples"", ""solo""]"
378,attraction,150,Chùa Dơi,Sóc Trăng,9.60083300,105.97305600,50000.00,"[""family"", ""groups"", ""couples"", ""solo"", ""guided_tour"", ""self_guided"", 1, 3]",,,,,natural_attraction,,,,,"[""family"", ""groups"", ""couples"", ""solo""]"
379,attraction,151,Chùa Chén Kiểu,Sóc Trăng,9.47722200,105.95250000,120000.00,"[""family"", ""groups"", ""couples"", ""solo"", ""guided_tour"", ""self_guided"", 1, 3]",,,,,natural_attraction,,,,,"[""family"", ""groups"", ""couples"", ""solo""]"
380,attraction,152,Nhà tù Sơn La,Sơn La,21.32888900,103.91444400,85000.00,"[""family"", ""groups"", ""couples"", ""solo"", ""guided_tour"", ""self_guided"", 1, 3]",,,,,natural_attraction,,,,,"[""family"", ""groups"", ""couples"", ""solo""]"
381,attraction,153,Đồi chè Mộc Châu,Sơn La,21.27777800,104.67972200,160000.00,"[""family"", ""groups"", ""couples"", ""solo"", ""guided_tour"", ""self_guided"", 1, 3]",,,,,natural_attraction,,,,,"[""family"", ""groups"", ""couples"", ""solo""]"
382,attraction,154,Núi Bà Đen,Tây Ninh,11.36583000,106.14322000,150000.00,"[""family"", ""groups"", ""couples"", ""solo"", ""guided_tour"", ""self_guided"", 1, 3]",,,,,natural_attraction,,,,,"[""family"", ""groups"", ""couples"", ""solo""]"
383,attraction,155,Tòa Thánh Cao Đài,Tây Ninh,11.36945000,106.13487000,80000.00,"[""family"", ""groups"", ""couples"", ""solo"", ""guided_tour"", ""self_guided"", 1, 3]",,,,,natural_attraction,,,,,"[""family"", ""groups"", ""couples"", ""solo""]"
384,attraction,156,Chùa Keo,Thái Bình,20.43856000,106.31245000,70000.00,"[""family"", ""groups"", ""couples"", ""solo"", ""guided_tour"", ""self_guided"", 1, 3]",,,,,natural_attraction,,,,,"[""family"", ""groups"", ""couples"", ""solo""]"
385,attraction,157,Biển Đồng Châu,Thái Bình,20.38322000,106.56789000,120000.00,"[""family"", ""groups"", ""couples"", ""solo"", ""guided_tour"", ""self_guided"", 1, 3]",,,,,natural_attraction,,,,,"[""family"", ""groups"", ""couples"", ""solo""]"
386,attraction,158,Hồ Núi Cốc,Thái Nguyên,21.59345000,105.74456000,180000.00,"[""family"", ""groups"", ""couples"", ""solo"", ""guided_tour"", ""self_guided"", 1, 3]",,,,,natural_attraction,,,,,"[""family"", ""groups"", ""couples"", ""solo""]"
387,attraction,159,Đồi chè Tân Cương,Thái Nguyên,21.55678000,105.78321000,60000.00,"[""family"", ""groups"", ""couples"", ""solo"", ""guided_tour"", ""self_guided"", 1, 3]",,,,,natural_attraction,,,,,"[""family"", ""groups"", ""couples"", ""solo""]"
388,attraction,160,Thành Nhà Hồ,Thanh Hóa,20.07754000,105.60612000,150000.00,"[""family"", ""groups"", ""couples"", ""solo"", ""guided_tour"", ""self_guided"", 1, 3]",,,,,natural_attraction,,,,,"[""family"", ""groups"", ""couples"", ""solo""]"
389,attraction,161,Bãi biển Sầm Sơn,Thanh Hóa,19.74664000,105.90245000,80000.00,"[""family"", ""groups"", ""couples"", ""solo"", ""guided_tour"", ""self_guided"", 1, 3]",,,,,natural_attraction,,,,,"[""family"", ""groups"", ""couples"", ""solo""]"
390,attraction,162,Đại Nội Huế,Thừa Thiên Huế,16.46930000,107.57990000,200000.00,"[""family"", ""groups"", ""couples"", ""solo"", ""guided_tour"", ""self_guided"", 1, 3]",,,,,natural_attraction,,,,,"[""family"", ""groups"", ""couples"", ""solo""]"
391,attraction,163,Chùa Thiên Mụ,Thừa Thiên Huế,16.47295000,107.55146000,50000.00,"[""family"", ""groups"", ""couples"", ""solo"", ""guided_tour"", ""self_guided"", 1, 3]",,,,,natural_attraction,,,,,"[""family"", ""groups"", ""couples"", ""solo""]"
392,attraction,164,Chợ nổi Cái Bè,Tiền Giang,10.36224000,105.95386000,120000.00,"[""family"", ""groups"", ""couples"", ""solo"", ""guided_tour"", ""self_guided"", 1, 3]",,,,,natural_attraction,,,,,"[""family"", ""groups"", ""couples"", ""solo""]"
393,attraction,165,Cù lao Thới Sơn,Tiền Giang,10.33678000,106.02654000,90000.00,"[""family"", ""groups"", ""couples"", ""solo"", ""guided_tour"", ""self_guided"", 1, 3]",,,,,natural_attraction,,,,,"[""family"", ""groups"", ""couples"", ""solo""]"
394,attraction,166,Ao Bà Om,Trà Vinh,9.93456000,106.34512000,75000.00,"[""family"", ""groups"", ""couples"", ""solo"", ""guided_tour"", ""self_guided"", 1, 3]",,,,,natural_attraction,,,,,"[""family"", ""groups"", ""couples"", ""solo""]"
395,attraction,167,Chùa Hang,Trà Vinh,9.94721000,106.31145000,120000.00,"[""family"", ""groups"", ""couples"", ""solo"", ""guided_tour"", ""self_guided"", 1, 3]",,,,,natural_attraction,,,,,"[""family"", ""groups"", ""couples"", ""solo""]"
396,attraction,168,Khu di tích Tân Trào,Tuyên Quang,21.70789000,105.36124000,150000.00,"[""family"", ""groups"", ""couples"", ""solo"", ""guided_tour"", ""self_guided"", 1, 3]",,,,,natural_attraction,,,,,"[""family"", ""groups"", ""couples"", ""solo""]"
397,attraction,169,Thác Bản Ba,Tuyên Quang,22.15943000,105.28967000,95000.00,"[""family"", ""groups"", ""couples"", ""solo"", ""guided_tour"", ""self_guided"", 1, 3]",,,,,natural_attraction,,,,,"[""family"", ""groups"", ""couples"", ""solo""]"
398,attraction,170,Cù lao An Bình,Vĩnh Long,10.26789000,105.95432000,180000.00,"[""family"", ""groups"", ""couples"", ""solo"", ""guided_tour"", ""self_guided"", 1, 3]",,,,,natural_attraction,,,,,"[""family"", ""groups"", ""couples"", ""solo""]"
399,attraction,171,Chùa Phật Ngọc Xá Lợi,Vĩnh Long,10.25367000,105.97245000,60000.00,"[""family"", ""groups"", ""couples"", ""solo"", ""guided_tour"", ""self_guided"", 1, 3]",,,,,natural_attraction,,,,,"[""family"", ""groups"", ""couples"", ""solo""]"
400,attraction,172,Tam Đảo,Vĩnh Phúc,21.45689000,105.59321000,150000.00,"[""family"", ""groups"", ""couples"", ""solo"", ""guided_tour"", ""self_guided"", 1, 3]",,,,,natural_attraction,,,,,"[""family"", ""groups"", ""couples"", ""solo""]"
401,attraction,173,Thiền viện Trúc Lâm Tây Thiên,Vĩnh Phúc,21.42456000,105.58143000,80000.00,"[""family"", ""groups"", ""couples"", ""solo"", ""guided_tour"", ""self_guided"", 1, 3]",,,,,natural_attraction,,,,,"[""family"", ""groups"", ""couples"", ""solo""]"
402,attraction,174,Ruộng bậc thang Mù Cang Chải,Yên Bái,21.81945000,104.11987000,120000.00,"[""family"", ""groups"", ""couples"", ""solo"", ""guided_tour"", ""self_guided"", 1, 3]",,,,,natural_attraction,,,,,"[""family"", ""groups"", ""couples"", ""solo""]"
403,attraction,175,Hồ Thác Bà,Yên Bái,21.58032000,104.87564000,60000.00,"[""family"", ""groups"", ""couples"", ""solo"", ""guided_tour"", ""self_guided"", 1, 3]",,,,,natural_attraction,,,,,"[""family"", ""groups"", ""couples"", ""solo""]"
510,restaurant,1,Nhà Hàng Mekong An Giang,An Giang,10.35886907,104.98408556,75000.00,"[""vietnamese"", ""japanese"", ""italian"", ""thai"", ""american"", ""seafood"", ""fusion"", ""hotpot"", ""bbq"", ""vegetarian"", ""mexican"", ""indian"", ""french"", ""korean"", ""chinese"", ""vegetarian"", ""halal"", ""gluten_free"", ""nut_free"", ""keto"", ""low_carb"", ""kosher"", ""vegan"", ""dairy_free"", ""dine_in"", ""delivery"", ""private_room"", ""wifi"", ""outdoor_seating"", ""parking"", ""live_music"", ""buffet"", ""reservation"", ""takeaway"", ""romantic"", ""business"", ""formal"", ""modern"", ""rooftop"", ""cozy"", ""casual"", ""family_friendly"", ""traditional"", ""beachfront""]",,,,,,,,"[""vietnamese"", ""japanese"", ""italian"", ""thai"", ""american"", ""seafood"", ""fusion"", ""hotpot"", ""bbq"", ""vegetarian"", ""mexican"", ""indian"", ""french"", ""korean"", ""chinese""]","[""vegetarian"", ""halal"", ""gluten_free"", ""nut_free"", ""keto"", ""low_carb"", ""kosher"", ""vegan"", ""dairy_free""]",
511,restaurant,2,Nhà Hàng Sông Hậu,An Giang,10.34567890,105.01234567,153000.00,"[""vietnamese"", ""seafood"", ""fusion"", ""hotpot"", ""vegetarian"", ""halal"", ""gluten_free"", ""dine_in"", ""delivery"", ""private_room"", ""wifi"", ""romantic"", ""family_friendly"", ""business""]",,,,,,,,"[""vietnamese"", ""seafood"", ""fusion"", ""hotpot""]","[""vegetarian"", ""halal"", ""gluten_free""]",
512,restaurant,3,Nhà Hàng Châu Đốc Xanh,An Giang,10.35678901,105.03456789,127000.00,"[""vietnamese"", ""thai"", ""american"", ""fusion"", ""vegetarian"", ""halal"", ""keto"", ""dine_in"", ""takeaway"", ""wifi"", ""reservation"", ""cozy"", ""casual"", ""traditional""]",,,,,,,,"[""vietnamese"", ""thai"", ""american"", ""fusion""]","[""vegetarian"", ""halal"", ""keto""]",
513,restaurant,4,Nhà Hàng Biển Xanh,Bà Rịa - Vũng Tàu,10.34512345,107.01234567,210000.00,"[""seafood"", ""italian"", ""fusion"", ""vegetarian"", ""gluten_free"", ""dairy_free"", ""dine_in"", ""delivery"", ""private_room"", ""wifi"", ""outdoor_seating"", ""romantic"", ""modern"", ""rooftop""]",,,,,,,,"[""seafood"", ""italian"", ""fusion""]","[""vegetarian"", ""gluten_free"", ""dairy_free""]",
514,restaurant,5,Nhà Hàng Vũng Tàu Hải Sản,Bà Rịa - Vũng Tàu,10.35812345,107.03456789,320000.00,"[""seafood"", ""american"", ""fusion"", ""vegetarian"", ""halal"", ""keto"", ""dine_in"", ""delivery"", ""private_room"", ""wifi"", ""buffet"", ""family_friendly"", ""business"", ""cozy""]",,,,,,,,"[""seafood"", ""american"", ""fusion""]","[""vegetarian"", ""halal"", ""keto""]",
515,restaurant,6,Nhà Hàng Bắc Giang Quê Tôi,Bắc Giang,21.34567890,106.01234567,138000.00,"[""vietnamese"", ""thai"", ""fusion"", ""vegetarian"", ""gluten_free"", ""keto"", ""dine_in"", ""takeaway"", ""wifi"", ""reservation"", ""cozy"", ""casual"", ""modern""]",,,,,,,,"[""vietnamese"", ""thai"", ""fusion""]","[""vegetarian"", ""gluten_free"", ""keto""]",
516,restaurant,7,Nhà Hàng Chợ Bắc Giang,Bắc Giang,21.35678901,106.03456789,165000.00,"[""vietnamese"", ""american"", ""fusion"", ""vegetarian"", ""halal"", ""dairy_free"", ""dine_in"", ""delivery"", ""wifi"", ""private_room"", ""romantic"", ""family_friendly"", ""business""]",,,,,,,,"[""vietnamese"", ""american"", ""fusion""]","[""vegetarian"", ""halal"", ""dairy_free""]",
517,restaurant,8,Nhà Hàng Bắc Kạn 1,Bắc Kạn,22.13524678,105.83647210,138124.11,"[""vietnamese"", ""chinese"", ""japanese"", ""vegetarian"", ""vegan"", ""dine_in"", ""takeaway"", ""delivery"", ""romantic"", ""family_friendly""]",,,,,,,,"[""vietnamese"", ""chinese"", ""japanese""]","[""vegetarian"", ""vegan""]",
518,restaurant,9,Nhà Hàng Bắc Kạn 2,Bắc Kạn,22.21634567,105.78123456,214796.54,"[""seafood"", ""american"", ""gluten_free"", ""halal"", ""dine_in"", ""private_room"", ""wifi"", ""cozy"", ""modern""]",,,,,,,,"[""seafood"", ""american""]","[""gluten_free"", ""halal""]",
519,restaurant,10,Nhà Hàng Bạc Liêu 1,Bạc Liêu,9.28876543,105.72987654,309610.35,"[""vietnamese"", ""thai"", ""vegetarian"", ""vegan"", ""dine_in"", ""delivery"", ""reservation"", ""romantic"", ""family_friendly""]",,,,,,,,"[""vietnamese"", ""thai""]","[""vegetarian"", ""vegan""]",
520,restaurant,11,Nhà Hàng Bạc Liêu 2,Bạc Liêu,9.25678901,105.71345678,303662.17,"[""vietnamese"", ""fusion"", ""nut_free"", ""halal"", ""dine_in"", ""buffet"", ""private_room"", ""modern"", ""formal""]",,,,,,,,"[""vietnamese"", ""fusion""]","[""nut_free"", ""halal""]",
521,restaurant,12,Nhà Hàng Bắc Ninh 1,Bắc Ninh,21.13765432,106.07123456,239479.77,"[""vietnamese"", ""italian"", ""vegetarian"", ""gluten_free"", ""dine_in"", ""takeaway"", ""family_friendly"", ""cozy""]",,,,,,,,"[""vietnamese"", ""italian""]","[""vegetarian"", ""gluten_free""]",
522,restaurant,13,Nhà Hàng Bắc Ninh 2,Bắc Ninh,21.12123456,106.05678901,186412.38,"[""vietnamese"", ""french"", ""halal"", ""vegan"", ""dine_in"", ""private_room"", ""romantic"", ""formal""]",,,,,,,,"[""vietnamese"", ""french""]","[""halal"", ""vegan""]",
523,restaurant,14,Nhà Hàng Bến Tre Riverside,Bến Tre,10.23345678,106.37456789,113622.60,"[""vietnamese"", ""seafood"", ""fusion"", ""vegetarian"", ""halal"", ""gluten_free"", ""nut_free"", ""keto"", ""low_carb"", ""kosher"", ""vegan"", ""dairy_free"", ""dine_in"", ""takeaway"", ""delivery"", ""reservation"", ""private_room"", ""buffet"", ""outdoor_seating"", ""live_music"", ""wifi"", ""parking"", ""romantic"", ""business"", ""formal"", ""modern"", ""rooftop"", ""cozy"", ""casual"", ""family_friendly"", ""traditional"", ""beachfront""]",,,,,,,,"[""vietnamese"", ""seafood"", ""fusion""]","[""vegetarian"", ""halal"", ""gluten_free"", ""nut_free"", ""keto"", ""low_carb"", ""kosher"", ""vegan"", ""dairy_free""]",
524,restaurant,15,Nhà Hàng Dừa Vàng,Bến Tre,10.23456789,106.37567890,158875.84,"[""vietnamese"", ""fusion"", ""vegetarian"", ""vegetarian"", ""halal"", ""gluten_free"", ""nut_free"", ""keto"", ""low_carb"", ""kosher"", ""vegan"", ""dairy_free"", ""dine_in"", ""takeaway"", ""delivery"", ""reservation"", ""private_room"", ""buffet"", ""outdoor_seating"", ""live_music"", ""wifi"", ""parking"", ""romantic"", ""business"", ""formal"", ""modern"", ""rooftop"", ""cozy"", ""casual"", ""family_friendly"", ""traditional"", ""beachfront""]",,,,,,,,"[""vietnamese"", ""fusion"", ""vegetarian""]","[""vegetarian"", ""halal"", ""gluten_free"", ""nut_free"", ""keto"", ""low_carb"", ""kosher"", ""vegan"", ""dairy_free""]",
525,restaurant,16,Nhà Hàng Quy Nhơn Seafood,Bình Định,13.78234567,109.21987654,103511.42,"[""vietnamese"", ""seafood"", ""fusion"", ""bbq"", ""vegetarian"", ""halal"", ""gluten_free"", ""nut_free"", ""keto"", ""low_carb"", ""kosher"", ""vegan"", ""dairy_free"", ""dine_in"", ""takeaway"", ""delivery"", ""reservation"", ""private_room"", ""buffet"", ""outdoor_seating"", ""live_music"", ""wifi"", ""parking"", ""romantic"", ""business"", ""formal"", ""modern"", ""rooftop"", ""cozy"", ""casual"", ""family_friendly"", ""traditional"", ""beachfront""]",,,,,,,,"[""vietnamese"", ""seafood"", ""fusion"", ""bbq""]","[""vegetarian"", ""halal"", ""gluten_free"", ""nut_free"", ""keto"", ""low_carb"", ""kosher"", ""vegan"", ""dairy_free""]",
526,restaurant,17,Nhà Hàng Bình Định BBQ,Bình Định,13.78345678,109.22098765,190929.58,"[""vietnamese"", ""bbq"", ""fusion"", ""american"", ""vegetarian"", ""halal"", ""gluten_free"", ""nut_free"", ""keto"", ""low_carb"", ""kosher"", ""vegan"", ""dairy_free"", ""dine_in"", ""takeaway"", ""delivery"", ""reservation"", ""private_room"", ""buffet"", ""outdoor_seating"", ""live_music"", ""wifi"", ""parking"", ""romantic"", ""business"", ""formal"", ""modern"", ""rooftop"", ""cozy"", ""casual"", ""family_friendly"", ""traditional"", ""beachfront""]",,,,,,,,"[""vietnamese"", ""bbq"", ""fusion"", ""american""]","[""vegetarian"", ""halal"", ""gluten_free"", ""nut_free"", ""keto"", ""low_carb"", ""kosher"", ""vegan"", ""dairy_free""]",
527,restaurant,18,Nhà Hàng Bình Dương Central,Bình Dương,11.00012345,106.67765432,294113.65,"[""vietnamese"", ""italian"", ""fusion"", ""japanese"", ""vegetarian"", ""halal"", ""gluten_free"", ""nut_free"", ""keto"", ""low_carb"", ""kosher"", ""vegan"", ""dairy_free"", ""dine_in"", ""takeaway"", ""delivery"", ""reservation"", ""private_room"", ""buffet"", ""outdoor_seating"", ""live_music"", ""wifi"", ""parking"", ""romantic"", ""business"", ""formal"", ""modern"", ""rooftop"", ""cozy"", ""casual"", ""family_friendly"", ""traditional"", ""beachfront""]",,,,,,,,"[""vietnamese"", ""italian"", ""fusion"", ""japanese""]","[""vegetarian"", ""halal"", ""gluten_free"", ""nut_free"", ""keto"", ""low_carb"", ""kosher"", ""vegan"", ""dairy_free""]",
528,restaurant,19,Nhà Hàng Sông Bé,Bình Dương,11.00123456,106.67876543,297779.50,"[""vietnamese"", ""seafood"", ""fusion"", ""vegetarian"", ""halal"", ""gluten_free"", ""nut_free"", ""keto"", ""low_carb"", ""kosher"", ""vegan"", ""dairy_free"", ""dine_in"", ""takeaway"", ""delivery"", ""reservation"", ""private_room"", ""buffet"", ""outdoor_seating"", ""live_music"", ""wifi"", ""parking"", ""romantic"", ""business"", ""formal"", ""modern"", ""rooftop"", ""cozy"", ""casual"", ""family_friendly"", ""traditional"", ""beachfront""]",,,,,,,,"[""vietnamese"", ""seafood"", ""fusion""]","[""vegetarian"", ""halal"", ""gluten_free"", ""nut_free"", ""keto"", ""low_carb"", ""kosher"", ""vegan"", ""dairy_free""]",
529,restaurant,20,Nhà Hàng Rừng Xanh,Bình Phước,11.53333300,106.98333300,256556.00,"[""vietnamese"", ""thai"", ""american"", ""fusion"", ""bbq"", ""vegetarian"", ""vegetarian"", ""halal"", ""gluten_free"", ""dine_in"", ""delivery"", ""wifi"", ""reservation"", ""takeaway"", ""romantic"", ""family_friendly"", ""business""]",,,,,,,,"[""vietnamese"", ""thai"", ""american"", ""fusion"", ""bbq"", ""vegetarian""]","[""vegetarian"", ""halal"", ""gluten_free""]",
530,restaurant,21,Nhà Hàng Sông Bé,Bình Phước,11.71666700,106.61666700,289444.00,"[""vietnamese"", ""japanese"", ""seafood"", ""fusion"", ""hotpot"", ""vegetarian"", ""halal"", ""keto"", ""dine_in"", ""delivery"", ""private_room"", ""wifi"", ""parking"", ""cozy"", ""modern"", ""rooftop""]",,,,,,,,"[""vietnamese"", ""japanese"", ""seafood"", ""fusion"", ""hotpot""]","[""vegetarian"", ""halal"", ""keto""]",
531,restaurant,22,Nhà Hàng Biển Xanh,Bình Thuận,10.93333300,108.11666700,327552.00,"[""vietnamese"", ""seafood"", ""fusion"", ""thai"", ""italian"", ""vegetarian"", ""halal"", ""gluten_free"", ""vegan"", ""dine_in"", ""delivery"", ""wifi"", ""private_room"", ""reservation"", ""romantic"", ""family_friendly"", ""business"", ""modern""]",,,,,,,,"[""vietnamese"", ""seafood"", ""fusion"", ""thai"", ""italian""]","[""vegetarian"", ""halal"", ""gluten_free"", ""vegan""]",
532,restaurant,23,Nhà Hàng Cát Vàng,Bình Thuận,10.93361100,108.11555600,169427.00,"[""vietnamese"", ""fusion"", ""american"", ""bbq"", ""vegetarian"", ""halal"", ""nut_free"", ""dine_in"", ""delivery"", ""wifi"", ""reservation"", ""takeaway"", ""cozy"", ""modern"", ""family_friendly""]",,,,,,,,"[""vietnamese"", ""fusion"", ""american"", ""bbq""]","[""vegetarian"", ""halal"", ""nut_free""]",
533,restaurant,24,Nhà Hàng Đầm Thị,Cà Mau,9.17638900,105.15361100,264481.00,"[""vietnamese"", ""seafood"", ""fusion"", ""hotpot"", ""vegetarian"", ""halal"", ""gluten_free"", ""dairy_free"", ""dine_in"", ""delivery"", ""wifi"", ""reservation"", ""romantic"", ""family_friendly"", ""business""]",,,,,,,,"[""vietnamese"", ""seafood"", ""fusion"", ""hotpot""]","[""vegetarian"", ""halal"", ""gluten_free"", ""dairy_free""]",
534,restaurant,25,Nhà Hàng Mũi Cà Mau,Cà Mau,8.73333300,104.98333300,214125.00,"[""vietnamese"", ""american"", ""fusion"", ""thai"", ""bbq"", ""vegetarian"", ""halal"", ""nut_free"", ""keto"", ""dine_in"", ""delivery"", ""wifi"", ""reservation"", ""private_room"", ""cozy"", ""modern"", ""family_friendly"", ""rooftop""]",,,,,,,,"[""vietnamese"", ""american"", ""fusion"", ""thai"", ""bbq""]","[""vegetarian"", ""halal"", ""nut_free"", ""keto""]",
535,restaurant,26,Nhà Hàng Cần Thơ Riverside,Cần Thơ,10.03456789,105.77012345,215000.00,"[""vietnamese"", ""seafood"", ""fusion"", ""thai"", ""american"", ""vegetarian"", ""halal"", ""gluten_free"", ""nut_free"", ""keto"", ""low_carb"", ""kosher"", ""vegan"", ""dairy_free"", ""dine_in"", ""delivery"", ""private_room"", ""wifi"", ""outdoor_seating"", ""parking"", ""live_music"", ""buffet"", ""reservation"", ""takeaway"", ""romantic"", ""business"", ""formal"", ""modern"", ""rooftop"", ""cozy"", ""casual"", ""family_friendly"", ""traditional"", ""beachfront""]",,,,,,,,"[""vietnamese"", ""seafood"", ""fusion"", ""thai"", ""american""]","[""vegetarian"", ""halal"", ""gluten_free"", ""nut_free"", ""keto"", ""low_carb"", ""kosher"", ""vegan"", ""dairy_free""]",
536,restaurant,27,Nhà Hàng Tây Đô,Cần Thơ,10.03567891,105.77543210,185000.00,"[""vietnamese"", ""fusion"", ""thai"", ""american"", ""seafood"", ""vegetarian"", ""halal"", ""gluten_free"", ""nut_free"", ""keto"", ""low_carb"", ""kosher"", ""vegan"", ""dairy_free"", ""dine_in"", ""delivery"", ""private_room"", ""wifi"", ""outdoor_seating"", ""parking"", ""live_music"", ""buffet"", ""reservation"", ""takeaway"", ""romantic"", ""business"", ""formal"", ""modern"", ""rooftop"", ""cozy"", ""casual"", ""family_friendly"", ""traditional"", ""beachfront""]",,,,,,,,"[""vietnamese"", ""fusion"", ""thai"", ""american"", ""seafood""]","[""vegetarian"", ""halal"", ""gluten_free"", ""nut_free"", ""keto"", ""low_carb"", ""kosher"", ""vegan"", ""dairy_free""]",
537,restaurant,28,Nhà Hàng Cao Bằng Heritage,Cao Bằng,22.66789012,106.25012345,245000.00,"[""vietnamese"", ""chinese"", ""fusion"", ""thai"", ""american"", ""vegetarian"", ""halal"", ""gluten_free"", ""nut_free"", ""keto"", ""low_carb"", ""kosher"", ""vegan"", ""dairy_free"", ""dine_in"", ""delivery"", ""private_room"", ""wifi"", ""outdoor_seating"", ""parking"", ""live_music"", ""buffet"", ""reservation"", ""takeaway"", ""romantic"", ""business"", ""formal"", ""modern"", ""rooftop"", ""cozy"", ""casual"", ""family_friendly"", ""traditional"", ""beachfront""]",,,,,,,,"[""vietnamese"", ""chinese"", ""fusion"", ""thai"", ""american""]","[""vegetarian"", ""halal"", ""gluten_free"", ""nut_free"", ""keto"", ""low_carb"", ""kosher"", ""vegan"", ""dairy_free""]",
538,restaurant,29,Nhà Hàng Non Nước Cao Bằng,Cao Bằng,22.66890123,106.25234567,175000.00,"[""vietnamese"", ""fusion"", ""thai"", ""seafood"", ""american"", ""vegetarian"", ""halal"", ""gluten_free"", ""nut_free"", ""keto"", ""low_carb"", ""kosher"", ""vegan"", ""dairy_free"", ""dine_in"", ""delivery"", ""private_room"", ""wifi"", ""outdoor_seating"", ""parking"", ""live_music"", ""buffet"", ""reservation"", ""takeaway"", ""romantic"", ""business"", ""formal"", ""modern"", ""rooftop"", ""cozy"", ""casual"", ""family_friendly"", ""traditional"", ""beachfront""]",,,,,,,,"[""vietnamese"", ""fusion"", ""thai"", ""seafood"", ""american""]","[""vegetarian"", ""halal"", ""gluten_free"", ""nut_free"", ""keto"", ""low_carb"", ""kosher"", ""vegan"", ""dairy_free""]",
539,restaurant,30,Nhà Hàng Đà Nẵng Ocean,Đà Nẵng,16.05432109,108.20234567,285000.00,"[""vietnamese"", ""seafood"", ""fusion"", ""thai"", ""american"", ""vegetarian"", ""halal"", ""gluten_free"", ""nut_free"", ""keto"", ""low_carb"", ""kosher"", ""vegan"", ""dairy_free"", ""dine_in"", ""delivery"", ""private_room"", ""wifi"", ""outdoor_seating"", ""parking"", ""live_music"", ""buffet"", ""reservation"", ""takeaway"", ""romantic"", ""business"", ""formal"", ""modern"", ""rooftop"", ""cozy"", ""casual"", ""family_friendly"", ""traditional"", ""beachfront""]",,,,,,,,"[""vietnamese"", ""seafood"", ""fusion"", ""thai"", ""american""]","[""vegetarian"", ""halal"", ""gluten_free"", ""nut_free"", ""keto"", ""low_carb"", ""kosher"", ""vegan"", ""dairy_free""]",
540,restaurant,31,Nhà Hàng Sun Beach Đà Nẵng,Đà Nẵng,16.05543210,108.20567890,195000.00,"[""vietnamese"", ""fusion"", ""thai"", ""american"", ""seafood"", ""vegetarian"", ""halal"", ""gluten_free"", ""nut_free"", ""keto"", ""low_carb"", ""kosher"", ""vegan"", ""dairy_free"", ""dine_in"", ""delivery"", ""private_room"", ""wifi"", ""outdoor_seating"", ""parking"", ""live_music"", ""buffet"", ""reservation"", ""takeaway"", ""romantic"", ""business"", ""formal"", ""modern"", ""rooftop"", ""cozy"", ""casual"", ""family_friendly"", ""traditional"", ""beachfront""]",,,,,,,,"[""vietnamese"", ""fusion"", ""thai"", ""american"", ""seafood""]","[""vegetarian"", ""halal"", ""gluten_free"", ""nut_free"", ""keto"", ""low_carb"", ""kosher"", ""vegan"", ""dairy_free""]",
541,restaurant,32,Nhà Hàng Buôn Ma Thuột 1,Đắk Lắk,12.66666700,108.05000000,215000.00,"[""vietnamese"", ""chinese"", ""japanese"", ""korean"", ""italian"", ""french"", ""thai"", ""indian"", ""american"", ""mexican"", ""seafood"", ""vegetarian"", ""fusion"", ""bbq"", ""hotpot"", ""vegetarian"", ""vegan"", ""halal"", ""kosher"", ""gluten_free"", ""dairy_free"", ""nut_free"", ""low_carb"", ""keto"", ""dine_in"", ""takeaway"", ""delivery"", ""reservation"", ""private_room"", ""buffet"", ""outdoor_seating"", ""live_music"", ""wifi"", ""parking"", ""romantic"", ""family_friendly"", ""business"", ""casual"", ""formal"", ""cozy"", ""modern"", ""traditional"", ""rooftop"", ""beachfront""]",,,,,,,,"[""vietnamese"", ""chinese"", ""japanese"", ""korean"", ""italian"", ""french"", ""thai"", ""indian"", ""american"", ""mexican"", ""seafood"", ""vegetarian"", ""fusion"", ""bbq"", ""hotpot""]","[""vegetarian"", ""vegan"", ""halal"", ""kosher"", ""gluten_free"", ""dairy_free"", ""nut_free"", ""low_carb"", ""keto""]",
542,restaurant,33,Nhà Hàng Buôn Ma Thuột 2,Đắk Lắk,12.67333300,108.05666700,310000.00,"[""vietnamese"", ""chinese"", ""japanese"", ""korean"", ""italian"", ""french"", ""thai"", ""indian"", ""american"", ""mexican"", ""seafood"", ""vegetarian"", ""fusion"", ""bbq"", ""hotpot"", ""vegetarian"", ""vegan"", ""halal"", ""kosher"", ""gluten_free"", ""dairy_free"", ""nut_free"", ""low_carb"", ""keto"", ""dine_in"", ""takeaway"", ""delivery"", ""reservation"", ""private_room"", ""buffet"", ""outdoor_seating"", ""live_music"", ""wifi"", ""parking"", ""romantic"", ""family_friendly"", ""business"", ""casual"", ""formal"", ""cozy"", ""modern"", ""traditional"", ""rooftop"", ""beachfront""]",,,,,,,,"[""vietnamese"", ""chinese"", ""japanese"", ""korean"", ""italian"", ""french"", ""thai"", ""indian"", ""american"", ""mexican"", ""seafood"", ""vegetarian"", ""fusion"", ""bbq"", ""hotpot""]","[""vegetarian"", ""vegan"", ""halal"", ""kosher"", ""gluten_free"", ""dairy_free"", ""nut_free"", ""low_carb"", ""keto""]",
543,restaurant,34,Nhà Hàng Gia Nghĩa 1,Đắk Nông,12.01861100,107.49444400,180000.00,"[""vietnamese"", ""chinese"", ""japanese"", ""korean"", ""italian"", ""french"", ""thai"", ""indian"", ""american"", ""mexican"", ""seafood"", ""vegetarian"", ""fusion"", ""bbq"", ""hotpot"", ""vegetarian"", ""vegan"", ""halal"", ""kosher"", ""gluten_free"", ""dairy_free"", ""nut_free"", ""low_carb"", ""keto"", ""dine_in"", ""takeaway"", ""delivery"", ""reservation"", ""private_room"", ""buffet"", ""outdoor_seating"", ""live_music"", ""wifi"", ""parking"", ""romantic"", ""family_friendly"", ""business"", ""casual"", ""formal"", ""cozy"", ""modern"", ""traditional"", ""rooftop"", ""beachfront""]",,,,,,,,"[""vietnamese"", ""chinese"", ""japanese"", ""korean"", ""italian"", ""french"", ""thai"", ""indian"", ""american"", ""mexican"", ""seafood"", ""vegetarian"", ""fusion"", ""bbq"", ""hotpot""]","[""vegetarian"", ""vegan"", ""halal"", ""kosher"", ""gluten_free"", ""dairy_free"", ""nut_free"", ""low_carb"", ""keto""]",
544,restaurant,35,Nhà Hàng Gia Nghĩa 2,Đắk Nông,12.03333300,107.50000000,325000.00,"[""vietnamese"", ""chinese"", ""japanese"", ""korean"", ""italian"", ""french"", ""thai"", ""indian"", ""american"", ""mexican"", ""seafood"", ""vegetarian"", ""fusion"", ""bbq"", ""hotpot"", ""vegetarian"", ""vegan"", ""halal"", ""kosher"", ""gluten_free"", ""dairy_free"", ""nut_free"", ""low_carb"", ""keto"", ""dine_in"", ""takeaway"", ""delivery"", ""reservation"", ""private_room"", ""buffet"", ""outdoor_seating"", ""live_music"", ""wifi"", ""parking"", ""romantic"", ""family_friendly"", ""business"", ""casual"", ""formal"", ""cozy"", ""modern"", ""traditional"", ""rooftop"", ""beachfront""]",,,,,,,,"[""vietnamese"", ""chinese"", ""japanese"", ""korean"", ""italian"", ""french"", ""thai"", ""indian"", ""american"", ""mexican"", ""seafood"", ""vegetarian"", ""fusion"", ""bbq"", ""hotpot""]","[""vegetarian"", ""vegan"", ""halal"", ""kosher"", ""gluten_free"", ""dairy_free"", ""nut_free"", ""low_carb"", ""keto""]",
545,restaurant,36,Nhà Hàng Điện Biên 1,Điện Biên,21.38694400,103.00277800,145000.00,"[""vietnamese"", ""chinese"", ""japanese"", ""korean"", ""italian"", ""french"", ""thai"", ""indian"", ""american"", ""mexican"", ""seafood"", ""vegetarian"", ""fusion"", ""bbq"", ""hotpot"", ""vegetarian"", ""vegan"", ""halal"", ""kosher"", ""gluten_free"", ""dairy_free"", ""nut_free"", ""low_carb"", ""keto"", ""dine_in"", ""takeaway"", ""delivery"", ""reservation"", ""private_room"", ""buffet"", ""outdoor_seating"", ""live_music"", ""wifi"", ""parking"", ""romantic"", ""family_friendly"", ""business"", ""casual"", ""formal"", ""cozy"", ""modern"", ""traditional"", ""rooftop"", ""beachfront""]",,,,,,,,"[""vietnamese"", ""chinese"", ""japanese"", ""korean"", ""italian"", ""french"", ""thai"", ""indian"", ""american"", ""mexican"", ""seafood"", ""vegetarian"", ""fusion"", ""bbq"", ""hotpot""]","[""vegetarian"", ""vegan"", ""halal"", ""kosher"", ""gluten_free"", ""dairy_free"", ""nut_free"", ""low_carb"", ""keto""]",
546,restaurant,37,Nhà Hàng Điện Biên 2,Điện Biên,21.40000000,103.01666700,330000.00,"[""vietnamese"", ""chinese"", ""japanese"", ""korean"", ""italian"", ""french"", ""thai"", ""indian"", ""american"", ""mexican"", ""seafood"", ""vegetarian"", ""fusion"", ""bbq"", ""hotpot"", ""vegetarian"", ""vegan"", ""halal"", ""kosher"", ""gluten_free"", ""dairy_free"", ""nut_free"", ""low_carb"", ""keto"", ""dine_in"", ""takeaway"", ""delivery"", ""reservation"", ""private_room"", ""buffet"", ""outdoor_seating"", ""live_music"", ""wifi"", ""parking"", ""romantic"", ""family_friendly"", ""business"", ""casual"", ""formal"", ""cozy"", ""modern"", ""traditional"", ""rooftop"", ""beachfront""]",,,,,,,,"[""vietnamese"", ""chinese"", ""japanese"", ""korean"", ""italian"", ""french"", ""thai"", ""indian"", ""american"", ""mexican"", ""seafood"", ""vegetarian"", ""fusion"", ""bbq"", ""hotpot""]","[""vegetarian"", ""vegan"", ""halal"", ""kosher"", ""gluten_free"", ""dairy_free"", ""nut_free"", ""low_carb"", ""keto""]",
547,restaurant,38,Nhà Hàng Đồng Nai Riverside,Đồng Nai,10.94683900,106.82243900,257000.00,"[""vietnamese"", ""seafood"", ""fusion"", ""vegetarian"", ""halal"", ""dine_in"", ""delivery"", ""reservation"", ""romantic"", ""family_friendly""]",,,,,,,,"[""vietnamese"", ""seafood"", ""fusion""]","[""vegetarian"", ""halal""]",
548,restaurant,39,Nhà Hàng Biên Hòa Garden,Đồng Nai,10.95234500,106.82876500,188000.00,"[""vietnamese"", ""bbq"", ""fusion"", ""vegetarian"", ""vegan"", ""keto"", ""dine_in"", ""takeaway"", ""reservation"", ""business"", ""cozy""]",,,,,,,,"[""vietnamese"", ""bbq"", ""fusion""]","[""vegetarian"", ""vegan"", ""keto""]",
549,restaurant,40,Nhà Hàng Đồng Tháp Lotus,Đồng Tháp,10.56789000,105.63456700,132000.00,"[""vietnamese"", ""fusion"", ""vegetarian"", ""halal"", ""low_carb"", ""dine_in"", ""delivery"", ""reservation"", ""family_friendly"", ""cozy""]",,,,,,,,"[""vietnamese"", ""fusion"", ""vegetarian""]","[""halal"", ""low_carb""]",
550,restaurant,41,Nhà Hàng Cao Lãnh Paradise,Đồng Tháp,10.57012300,105.63987600,245000.00,"[""vietnamese"", ""japanese"", ""fusion"", ""seafood"", ""vegan"", ""gluten_free"", ""dine_in"", ""takeaway"", ""reservation"", ""romantic"", ""modern"", ""business""]",,,,,,,,"[""vietnamese"", ""japanese"", ""fusion"", ""seafood""]","[""vegan"", ""gluten_free""]",
551,restaurant,42,Nhà Hàng Pleiku Central,Gia Lai,13.96789000,108.01234500,198000.00,"[""vietnamese"", ""fusion"", ""seafood"", ""vegetarian"", ""keto"", ""dine_in"", ""takeaway"", ""reservation"", ""business"", ""formal""]",,,,,,,,"[""vietnamese"", ""fusion"", ""seafood""]","[""vegetarian"", ""keto""]",
552,restaurant,43,Nhà Hàng Gia Lai Highlands,Gia Lai,13.97012300,108.01987600,310000.00,"[""vietnamese"", ""italian"", ""fusion"", ""vegan"", ""halal"", ""dine_in"", ""delivery"", ""reservation"", ""romantic"", ""family_friendly""]",,,,,,,,"[""vietnamese"", ""italian"", ""fusion""]","[""vegan"", ""halal""]",
553,restaurant,44,Nhà Hàng Sapa Hà Giang,Hà Giang,22.84560000,104.31230000,177184.00,"[""vietnamese"", ""chinese"", ""thai"", ""seafood"", ""vegetarian"", ""fusion"", ""bbq"", ""hotpot"", ""vegetarian"", ""vegan"", ""halal"", ""kosher"", ""gluten_free"", ""dairy_free"", ""nut_free"", ""low_carb"", ""keto"", ""dine_in"", ""takeaway"", ""delivery"", ""reservation"", ""private_room"", ""buffet"", ""outdoor_seating"", ""live_music"", ""wifi"", ""parking"", ""romantic"", ""family_friendly"", ""business"", ""casual"", ""formal"", ""cozy"", ""modern"", ""traditional"", ""rooftop"", ""beachfront""]",,,,,,,,"[""vietnamese"", ""chinese"", ""thai"", ""seafood"", ""vegetarian"", ""fusion"", ""bbq"", ""hotpot""]","[""vegetarian"", ""vegan"", ""halal"", ""kosher"", ""gluten_free"", ""dairy_free"", ""nut_free"", ""low_carb"", ""keto""]",
554,restaurant,45,Nhà Hàng Đồng Văn,Hà Giang,23.01540000,105.03450000,143543.00,"[""vietnamese"", ""japanese"", ""italian"", ""american"", ""seafood"", ""fusion"", ""vegetarian"", ""halal"", ""gluten_free"", ""nut_free"", ""keto"", ""low_carb"", ""kosher"", ""vegan"", ""dairy_free"", ""dine_in"", ""delivery"", ""private_room"", ""wifi"", ""outdoor_seating"", ""parking"", ""live_music"", ""buffet"", ""reservation"", ""takeaway"", ""romantic"", ""family_friendly"", ""business"", ""casual"", ""formal"", ""cozy"", ""modern"", ""traditional"", ""rooftop"", ""beachfront""]",,,,,,,,"[""vietnamese"", ""japanese"", ""italian"", ""american"", ""seafood"", ""fusion""]","[""vegetarian"", ""halal"", ""gluten_free"", ""nut_free"", ""keto"", ""low_carb"", ""kosher"", ""vegan"", ""dairy_free""]",
555,restaurant,46,Nhà Hàng Phủ Lý,Hà Nam,20.53670000,105.91870000,336164.00,"[""vietnamese"", ""japanese"", ""italian"", ""thai"", ""american"", ""seafood"", ""vegetarian"", ""halal"", ""gluten_free"", ""nut_free"", ""low_carb"", ""keto"", ""kosher"", ""vegan"", ""dairy_free"", ""dine_in"", ""takeaway"", ""delivery"", ""reservation"", ""private_room"", ""buffet"", ""outdoor_seating"", ""live_music"", ""wifi"", ""parking"", ""romantic"", ""family_friendly"", ""business"", ""casual"", ""formal"", ""cozy"", ""modern"", ""traditional"", ""rooftop"", ""beachfront""]",,,,,,,,"[""vietnamese"", ""japanese"", ""italian"", ""thai"", ""american"", ""seafood""]","[""vegetarian"", ""halal"", ""gluten_free"", ""nut_free"", ""low_carb"", ""keto"", ""kosher"", ""vegan"", ""dairy_free""]",
556,restaurant,47,Nhà Hàng Kim Bảng,Hà Nam,20.56340000,105.91450000,150191.00,"[""vietnamese"", ""chinese"", ""japanese"", ""seafood"", ""vegetarian"", ""fusion"", ""bbq"", ""vegetarian"", ""halal"", ""gluten_free"", ""nut_free"", ""low_carb"", ""keto"", ""kosher"", ""vegan"", ""dairy_free"", ""dine_in"", ""delivery"", ""private_room"", ""wifi"", ""outdoor_seating"", ""parking"", ""live_music"", ""buffet"", ""reservation"", ""takeaway"", ""romantic"", ""family_friendly"", ""business"", ""casual"", ""formal"", ""cozy"", ""modern"", ""traditional"", ""rooftop"", ""beachfront""]",,,,,,,,"[""vietnamese"", ""chinese"", ""japanese"", ""seafood"", ""vegetarian"", ""fusion"", ""bbq""]","[""vegetarian"", ""halal"", ""gluten_free"", ""nut_free"", ""low_carb"", ""keto"", ""kosher"", ""vegan"", ""dairy_free""]",
557,restaurant,48,Nhà Hàng Hoàn Kiếm,Hà Nội,21.02850000,105.85420000,142464.00,"[""vietnamese"", ""japanese"", ""italian"", ""thai"", ""american"", ""seafood"", ""fusion"", ""vegetarian"", ""halal"", ""gluten_free"", ""nut_free"", ""low_carb"", ""keto"", ""kosher"", ""vegan"", ""dairy_free"", ""dine_in"", ""takeaway"", ""delivery"", ""reservation"", ""private_room"", ""buffet"", ""outdoor_seating"", ""live_music"", ""wifi"", ""parking"", ""romantic"", ""family_friendly"", ""business"", ""casual"", ""formal"", ""cozy"", ""modern"", ""traditional"", ""rooftop"", ""beachfront""]",,,,,,,,"[""vietnamese"", ""japanese"", ""italian"", ""thai"", ""american"", ""seafood"", ""fusion""]","[""vegetarian"", ""halal"", ""gluten_free"", ""nut_free"", ""low_carb"", ""keto"", ""kosher"", ""vegan"", ""dairy_free""]",
558,restaurant,49,Nhà Hàng Tây Hồ,Hà Nội,21.07000000,105.82300000,161749.00,"[""vietnamese"", ""chinese"", ""japanese"", ""seafood"", ""vegetarian"", ""fusion"", ""bbq"", ""vegetarian"", ""halal"", ""gluten_free"", ""nut_free"", ""low_carb"", ""keto"", ""kosher"", ""vegan"", ""dairy_free"", ""dine_in"", ""delivery"", ""private_room"", ""wifi"", ""outdoor_seating"", ""parking"", ""live_music"", ""buffet"", ""reservation"", ""takeaway"", ""romantic"", ""family_friendly"", ""business"", ""casual"", ""formal"", ""cozy"", ""modern"", ""traditional"", ""rooftop"", ""beachfront""]",,,,,,,,"[""vietnamese"", ""chinese"", ""japanese"", ""seafood"", ""vegetarian"", ""fusion"", ""bbq""]","[""vegetarian"", ""halal"", ""gluten_free"", ""nut_free"", ""low_carb"", ""keto"", ""kosher"", ""vegan"", ""dairy_free""]",
559,restaurant,50,Nhà Hàng Biển Xanh Hà Tĩnh,Hà Tĩnh,18.34213400,105.89987600,281352.00,"[""vietnamese"", ""seafood"", ""fusion"", ""japanese"", ""vegetarian"", ""halal"", ""gluten_free"", ""nut_free"", ""dine_in"", ""delivery"", ""private_room"", ""wifi"", ""reservation"", ""romantic"", ""business"", ""formal"", ""modern""]",,,,,,,,"[""vietnamese"", ""seafood"", ""fusion"", ""japanese""]","[""vegetarian"", ""halal"", ""gluten_free"", ""nut_free""]",
560,restaurant,51,Nhà Hàng Cổ Thành Hà Tĩnh,Hà Tĩnh,18.34567800,105.90123400,321512.00,"[""vietnamese"", ""italian"", ""thai"", ""american"", ""vegetarian"", ""halal"", ""keto"", ""dine_in"", ""takeaway"", ""wifi"", ""parking"", ""reservation"", ""family_friendly"", ""cozy"", ""traditional"", ""casual""]",,,,,,,,"[""vietnamese"", ""italian"", ""thai"", ""american""]","[""vegetarian"", ""halal"", ""keto""]",
561,restaurant,52,Nhà Hàng Phố Cảng Hải Dương,Hải Dương,20.93345600,106.32123400,163505.00,"[""vietnamese"", ""seafood"", ""fusion"", ""french"", ""vegetarian"", ""vegan"", ""gluten_free"", ""dine_in"", ""delivery"", ""private_room"", ""wifi"", ""reservation"", ""romantic"", ""modern"", ""cozy"", ""formal""]",,,,,,,,"[""vietnamese"", ""seafood"", ""fusion"", ""french""]","[""vegetarian"", ""vegan"", ""gluten_free""]",
562,restaurant,53,Nhà Hàng Tràng An Hải Dương,Hải Dương,20.93567800,106.32234500,252992.00,"[""vietnamese"", ""thai"", ""american"", ""italian"", ""vegetarian"", ""halal"", ""keto"", ""dine_in"", ""takeaway"", ""wifi"", ""parking"", ""reservation"", ""family_friendly"", ""cozy"", ""traditional"", ""casual""]",,,,,,,,"[""vietnamese"", ""thai"", ""american"", ""italian""]","[""vegetarian"", ""halal"", ""keto""]",
563,restaurant,54,Nhà Hàng Cát Bà Hải Phòng,Hải Phòng,20.84456700,106.68912300,174443.00,"[""vietnamese"", ""seafood"", ""fusion"", ""japanese"", ""vegetarian"", ""halal"", ""gluten_free"", ""dine_in"", ""delivery"", ""private_room"", ""wifi"", ""reservation"", ""romantic"", ""business"", ""formal"", ""modern""]",,,,,,,,"[""vietnamese"", ""seafood"", ""fusion"", ""japanese""]","[""vegetarian"", ""halal"", ""gluten_free""]",
564,restaurant,55,Nhà Hàng Lê Chân Hải Phòng,Hải Phòng,20.84789000,106.69023400,263241.00,"[""vietnamese"", ""american"", ""thai"", ""italian"", ""vegetarian"", ""halal"", ""keto"", ""dine_in"", ""takeaway"", ""wifi"", ""parking"", ""reservation"", ""family_friendly"", ""cozy"", ""traditional"", ""casual""]",,,,,,,,"[""vietnamese"", ""american"", ""thai"", ""italian""]","[""vegetarian"", ""halal"", ""keto""]",
565,restaurant,56,Nhà Hàng Sông Hậu,Hậu Giang,9.78456234,105.63789456,192877.00,"[""vietnamese"", ""thai"", ""american"", ""seafood"", ""fusion"", ""bbq"", ""hotpot"", ""vegetarian"", ""halal"", ""gluten_free"", ""nut_free"", ""keto"", ""low_carb"", ""kosher"", ""vegan"", ""dairy_free"", ""dine_in"", ""delivery"", ""private_room"", ""wifi"", ""outdoor_seating"", ""parking"", ""live_music"", ""buffet"", ""reservation"", ""takeaway"", ""romantic"", ""business"", ""formal"", ""modern"", ""rooftop"", ""cozy"", ""casual"", ""family_friendly"", ""traditional"", ""beachfront""]",,,,,,,,"[""vietnamese"", ""thai"", ""american"", ""seafood"", ""fusion"", ""bbq"", ""hotpot""]","[""vegetarian"", ""halal"", ""gluten_free"", ""nut_free"", ""keto"", ""low_carb"", ""kosher"", ""vegan"", ""dairy_free""]",
566,restaurant,57,Quán Ăn Hậu Giang,Hậu Giang,9.76543210,105.61234567,324663.00,"[""vietnamese"", ""chinese"", ""japanese"", ""thai"", ""american"", ""mexican"", ""vegetarian"", ""halal"", ""gluten_free"", ""nut_free"", ""keto"", ""low_carb"", ""kosher"", ""vegan"", ""dairy_free"", ""dine_in"", ""delivery"", ""private_room"", ""wifi"", ""outdoor_seating"", ""parking"", ""live_music"", ""buffet"", ""reservation"", ""takeaway"", ""romantic"", ""business"", ""formal"", ""modern"", ""rooftop"", ""cozy"", ""casual"", ""family_friendly"", ""traditional"", ""beachfront""]",,,,,,,,"[""vietnamese"", ""chinese"", ""japanese"", ""thai"", ""american"", ""mexican""]","[""vegetarian"", ""halal"", ""gluten_free"", ""nut_free"", ""keto"", ""low_carb"", ""kosher"", ""vegan"", ""dairy_free""]",
567,restaurant,58,Nhà Hàng Saigon Centre,TP. Hồ Chí Minh,10.77653000,106.70098000,194682.00,"[""vietnamese"", ""japanese"", ""italian"", ""thai"", ""american"", ""seafood"", ""fusion"", ""vegetarian"", ""halal"", ""gluten_free"", ""nut_free"", ""keto"", ""low_carb"", ""kosher"", ""vegan"", ""dairy_free"", ""dine_in"", ""delivery"", ""private_room"", ""wifi"", ""outdoor_seating"", ""parking"", ""live_music"", ""buffet"", ""reservation"", ""takeaway"", ""romantic"", ""business"", ""formal"", ""modern"", ""rooftop"", ""cozy"", ""casual"", ""family_friendly"", ""traditional"", ""beachfront""]",,,,,,,,"[""vietnamese"", ""japanese"", ""italian"", ""thai"", ""american"", ""seafood"", ""fusion""]","[""vegetarian"", ""halal"", ""gluten_free"", ""nut_free"", ""keto"", ""low_carb"", ""kosher"", ""vegan"", ""dairy_free""]",
568,restaurant,59,Quán Ăn Sài Gòn,TP. Hồ Chí Minh,10.77670000,106.69450000,149425.00,"[""vietnamese"", ""chinese"", ""japanese"", ""thai"", ""american"", ""mexican"", ""vegetarian"", ""halal"", ""gluten_free"", ""nut_free"", ""keto"", ""low_carb"", ""kosher"", ""vegan"", ""dairy_free"", ""dine_in"", ""delivery"", ""private_room"", ""wifi"", ""outdoor_seating"", ""parking"", ""live_music"", ""buffet"", ""reservation"", ""takeaway"", ""romantic"", ""business"", ""formal"", ""modern"", ""rooftop"", ""cozy"", ""casual"", ""family_friendly"", ""traditional"", ""beachfront""]",,,,,,,,"[""vietnamese"", ""chinese"", ""japanese"", ""thai"", ""american"", ""mexican""]","[""vegetarian"", ""halal"", ""gluten_free"", ""nut_free"", ""keto"", ""low_carb"", ""kosher"", ""vegan"", ""dairy_free""]",
569,restaurant,60,Nhà Hàng Hòa Bình,Hòa Bình,20.86000000,105.34000000,313077.00,"[""vietnamese"", ""thai"", ""american"", ""seafood"", ""fusion"", ""hotpot"", ""vegetarian"", ""halal"", ""gluten_free"", ""nut_free"", ""keto"", ""low_carb"", ""kosher"", ""vegan"", ""dairy_free"", ""dine_in"", ""delivery"", ""private_room"", ""wifi"", ""outdoor_seating"", ""parking"", ""live_music"", ""buffet"", ""reservation"", ""takeaway"", ""romantic"", ""business"", ""formal"", ""modern"", ""rooftop"", ""cozy"", ""casual"", ""family_friendly"", ""traditional"", ""beachfront""]",,,,,,,,"[""vietnamese"", ""thai"", ""american"", ""seafood"", ""fusion"", ""hotpot""]","[""vegetarian"", ""halal"", ""gluten_free"", ""nut_free"", ""keto"", ""low_carb"", ""kosher"", ""vegan"", ""dairy_free""]",
570,restaurant,61,Quán Ăn Hòa Bình,Hòa Bình,20.87000000,105.35000000,267110.00,"[""vietnamese"", ""chinese"", ""japanese"", ""thai"", ""american"", ""mexican"", ""vegetarian"", ""halal"", ""gluten_free"", ""nut_free"", ""keto"", ""low_carb"", ""kosher"", ""vegan"", ""dairy_free"", ""dine_in"", ""delivery"", ""private_room"", ""wifi"", ""outdoor_seating"", ""parking"", ""live_music"", ""buffet"", ""reservation"", ""takeaway"", ""romantic"", ""business"", ""formal"", ""modern"", ""rooftop"", ""cozy"", ""casual"", ""family_friendly"", ""traditional"", ""beachfront""]",,,,,,,,"[""vietnamese"", ""chinese"", ""japanese"", ""thai"", ""american"", ""mexican""]","[""vegetarian"", ""halal"", ""gluten_free"", ""nut_free"", ""keto"", ""low_carb"", ""kosher"", ""vegan"", ""dairy_free""]",
571,restaurant,62,Nhà Hàng Hưng Yên Centre,Hưng Yên,20.85300000,106.03000000,296319.00,"[""vietnamese"", ""thai"", ""american"", ""seafood"", ""fusion"", ""hotpot"", ""vegetarian"", ""halal"", ""gluten_free"", ""nut_free"", ""keto"", ""low_carb"", ""kosher"", ""vegan"", ""dairy_free"", ""dine_in"", ""delivery"", ""private_room"", ""wifi"", ""outdoor_seating"", ""parking"", ""live_music"", ""buffet"", ""reservation"", ""takeaway"", ""romantic"", ""business"", ""formal"", ""modern"", ""rooftop"", ""cozy"", ""casual"", ""family_friendly"", ""traditional"", ""beachfront""]",,,,,,,,"[""vietnamese"", ""thai"", ""american"", ""seafood"", ""fusion"", ""hotpot""]","[""vegetarian"", ""halal"", ""gluten_free"", ""nut_free"", ""keto"", ""low_carb"", ""kosher"", ""vegan"", ""dairy_free""]",
572,restaurant,63,Quán Ăn Hưng Yên,Hưng Yên,20.86700000,106.04200000,330266.00,"[""vietnamese"", ""chinese"", ""japanese"", ""thai"", ""american"", ""mexican"", ""vegetarian"", ""halal"", ""gluten_free"", ""nut_free"", ""keto"", ""low_carb"", ""kosher"", ""vegan"", ""dairy_free"", ""dine_in"", ""delivery"", ""private_room"", ""wifi"", ""outdoor_seating"", ""parking"", ""live_music"", ""buffet"", ""reservation"", ""takeaway"", ""romantic"", ""business"", ""formal"", ""modern"", ""rooftop"", ""cozy"", ""casual"", ""family_friendly"", ""traditional"", ""beachfront""]",,,,,,,,"[""vietnamese"", ""chinese"", ""japanese"", ""thai"", ""american"", ""mexican""]","[""vegetarian"", ""halal"", ""gluten_free"", ""nut_free"", ""keto"", ""low_carb"", ""kosher"", ""vegan"", ""dairy_free""]",
573,restaurant,64,Nhà Hàng Nha Trang,Khánh Hòa,12.23880000,109.19670000,162375.00,"[""vietnamese"", ""japanese"", ""italian"", ""thai"", ""american"", ""seafood"", ""fusion"", ""vegetarian"", ""halal"", ""gluten_free"", ""nut_free"", ""keto"", ""low_carb"", ""kosher"", ""vegan"", ""dairy_free"", ""dine_in"", ""delivery"", ""private_room"", ""wifi"", ""outdoor_seating"", ""parking"", ""live_music"", ""buffet"", ""reservation"", ""takeaway"", ""romantic"", ""business"", ""formal"", ""modern"", ""rooftop"", ""cozy"", ""casual"", ""family_friendly"", ""traditional"", ""beachfront""]",,,,,,,,"[""vietnamese"", ""japanese"", ""italian"", ""thai"", ""american"", ""seafood"", ""fusion""]","[""vegetarian"", ""halal"", ""gluten_free"", ""nut_free"", ""keto"", ""low_carb"", ""kosher"", ""vegan"", ""dairy_free""]",
574,restaurant,65,Quán Ăn Khánh Hòa,Khánh Hòa,12.23450000,109.19000000,221076.00,"[""vietnamese"", ""chinese"", ""japanese"", ""thai"", ""american"", ""mexican"", ""vegetarian"", ""halal"", ""gluten_free"", ""nut_free"", ""keto"", ""low_carb"", ""kosher"", ""vegan"", ""dairy_free"", ""dine_in"", ""delivery"", ""private_room"", ""wifi"", ""outdoor_seating"", ""parking"", ""live_music"", ""buffet"", ""reservation"", ""takeaway"", ""romantic"", ""business"", ""formal"", ""modern"", ""rooftop"", ""cozy"", ""casual"", ""family_friendly"", ""traditional"", ""beachfront""]",,,,,,,,"[""vietnamese"", ""chinese"", ""japanese"", ""thai"", ""american"", ""mexican""]","[""vegetarian"", ""halal"", ""gluten_free"", ""nut_free"", ""keto"", ""low_carb"", ""kosher"", ""vegan"", ""dairy_free""]",
575,restaurant,66,Nhà Hàng Kiên Giang,Kiên Giang,10.01600000,105.08300000,268257.00,"[""vietnamese"", ""thai"", ""american"", ""seafood"", ""fusion"", ""hotpot"", ""vegetarian"", ""halal"", ""gluten_free"", ""nut_free"", ""keto"", ""low_carb"", ""kosher"", ""vegan"", ""dairy_free"", ""dine_in"", ""delivery"", ""private_room"", ""wifi"", ""outdoor_seating"", ""parking"", ""live_music"", ""buffet"", ""reservation"", ""takeaway"", ""romantic"", ""business"", ""formal"", ""modern"", ""rooftop"", ""cozy"", ""casual"", ""family_friendly"", ""traditional"", ""beachfront""]",,,,,,,,"[""vietnamese"", ""thai"", ""american"", ""seafood"", ""fusion"", ""hotpot""]","[""vegetarian"", ""halal"", ""gluten_free"", ""nut_free"", ""keto"", ""low_carb"", ""kosher"", ""vegan"", ""dairy_free""]",
576,restaurant,67,Quán Ăn Rạch Giá,Kiên Giang,10.02000000,105.09000000,328055.00,"[""vietnamese"", ""chinese"", ""japanese"", ""thai"", ""american"", ""mexican"", ""vegetarian"", ""halal"", ""gluten_free"", ""nut_free"", ""keto"", ""low_carb"", ""kosher"", ""vegan"", ""dairy_free"", ""dine_in"", ""delivery"", ""private_room"", ""wifi"", ""outdoor_seating"", ""parking"", ""live_music"", ""buffet"", ""reservation"", ""takeaway"", ""romantic"", ""business"", ""formal"", ""modern"", ""rooftop"", ""cozy"", ""casual"", ""family_friendly"", ""traditional"", ""beachfront""]",,,,,,,,"[""vietnamese"", ""chinese"", ""japanese"", ""thai"", ""american"", ""mexican""]","[""vegetarian"", ""halal"", ""gluten_free"", ""nut_free"", ""keto"", ""low_carb"", ""kosher"", ""vegan"", ""dairy_free""]",
577,restaurant,68,Nhà Hàng Kon Tum Central,Kon Tum,14.35200000,107.98800000,235505.00,"[""vietnamese"", ""thai"", ""american"", ""seafood"", ""fusion"", ""hotpot"", ""vegetarian"", ""halal"", ""gluten_free"", ""nut_free"", ""keto"", ""low_carb"", ""kosher"", ""vegan"", ""dairy_free"", ""dine_in"", ""delivery"", ""private_room"", ""wifi"", ""outdoor_seating"", ""parking"", ""live_music"", ""buffet"", ""reservation"", ""takeaway"", ""romantic"", ""business"", ""formal"", ""modern"", ""rooftop"", ""cozy"", ""casual"", ""family_friendly"", ""traditional"", ""beachfront""]",,,,,,,,"[""vietnamese"", ""thai"", ""american"", ""seafood"", ""fusion"", ""hotpot""]","[""vegetarian"", ""halal"", ""gluten_free"", ""nut_free"", ""keto"", ""low_carb"", ""kosher"", ""vegan"", ""dairy_free""]",
578,restaurant,69,Quán Ăn Kon Tum,Kon Tum,14.37000000,107.99500000,343361.00,"[""vietnamese"", ""chinese"", ""japanese"", ""thai"", ""american"", ""mexican"", ""vegetarian"", ""halal"", ""gluten_free"", ""nut_free"", ""keto"", ""low_carb"", ""kosher"", ""vegan"", ""dairy_free"", ""dine_in"", ""delivery"", ""private_room"", ""wifi"", ""outdoor_seating"", ""parking"", ""live_music"", ""buffet"", ""reservation"", ""takeaway"", ""romantic"", ""business"", ""formal"", ""modern"", ""rooftop"", ""cozy"", ""casual"", ""family_friendly"", ""traditional"", ""beachfront""]",,,,,,,,"[""vietnamese"", ""chinese"", ""japanese"", ""thai"", ""american"", ""mexican""]","[""vegetarian"", ""halal"", ""gluten_free"", ""nut_free"", ""keto"", ""low_carb"", ""kosher"", ""vegan"", ""dairy_free""]",
579,restaurant,70,Nhà Hàng Lai Châu,Lai Châu,22.38200000,103.47600000,160292.00,"[""vietnamese"", ""thai"", ""american"", ""seafood"", ""fusion"", ""hotpot"", ""vegetarian"", ""halal"", ""gluten_free"", ""nut_free"", ""keto"", ""low_carb"", ""kosher"", ""vegan"", ""dairy_free"", ""dine_in"", ""delivery"", ""private_room"", ""wifi"", ""outdoor_seating"", ""parking"", ""live_music"", ""buffet"", ""reservation"", ""takeaway"", ""romantic"", ""business"", ""formal"", ""modern"", ""rooftop"", ""cozy"", ""casual"", ""family_friendly"", ""traditional"", ""beachfront""]",,,,,,,,"[""vietnamese"", ""thai"", ""american"", ""seafood"", ""fusion"", ""hotpot""]","[""vegetarian"", ""halal"", ""gluten_free"", ""nut_free"", ""keto"", ""low_carb"", ""kosher"", ""vegan"", ""dairy_free""]",
580,restaurant,71,Quán Ăn Lai Châu,Lai Châu,22.39200000,103.48600000,171375.00,"[""vietnamese"", ""chinese"", ""japanese"", ""thai"", ""american"", ""mexican"", ""vegetarian"", ""halal"", ""gluten_free"", ""nut_free"", ""keto"", ""low_carb"", ""kosher"", ""vegan"", ""dairy_free"", ""dine_in"", ""delivery"", ""private_room"", ""wifi"", ""outdoor_seating"", ""parking"", ""live_music"", ""buffet"", ""reservation"", ""takeaway"", ""romantic"", ""business"", ""formal"", ""modern"", ""rooftop"", ""cozy"", ""casual"", ""family_friendly"", ""traditional"", ""beachfront""]",,,,,,,,"[""vietnamese"", ""chinese"", ""japanese"", ""thai"", ""american"", ""mexican""]","[""vegetarian"", ""halal"", ""gluten_free"", ""nut_free"", ""keto"", ""low_carb"", ""kosher"", ""vegan"", ""dairy_free""]",
581,restaurant,72,Nhà Hàng Lâm Đồng,Lâm Đồng,11.94000000,108.45800000,276002.00,"[""vietnamese"", ""japanese"", ""italian"", ""thai"", ""american"", ""seafood"", ""fusion"", ""vegetarian"", ""halal"", ""gluten_free"", ""nut_free"", ""keto"", ""low_carb"", ""kosher"", ""vegan"", ""dairy_free"", ""dine_in"", ""delivery"", ""private_room"", ""wifi"", ""outdoor_seating"", ""parking"", ""live_music"", ""buffet"", ""reservation"", ""takeaway"", ""romantic"", ""business"", ""formal"", ""modern"", ""rooftop"", ""cozy"", ""casual"", ""family_friendly"", ""traditional"", ""beachfront""]",,,,,,,,"[""vietnamese"", ""japanese"", ""italian"", ""thai"", ""american"", ""seafood"", ""fusion""]","[""vegetarian"", ""halal"", ""gluten_free"", ""nut_free"", ""keto"", ""low_carb"", ""kosher"", ""vegan"", ""dairy_free""]",
582,restaurant,73,Quán Ăn Đà Lạt,Lâm Đồng,11.95000000,108.47000000,265883.00,"[""vietnamese"", ""chinese"", ""japanese"", ""thai"", ""american"", ""mexican"", ""vegetarian"", ""halal"", ""gluten_free"", ""nut_free"", ""keto"", ""low_carb"", ""kosher"", ""vegan"", ""dairy_free"", ""dine_in"", ""delivery"", ""private_room"", ""wifi"", ""outdoor_seating"", ""parking"", ""live_music"", ""buffet"", ""reservation"", ""takeaway"", ""romantic"", ""business"", ""formal"", ""modern"", ""rooftop"", ""cozy"", ""casual"", ""family_friendly"", ""traditional"", ""beachfront""]",,,,,,,,"[""vietnamese"", ""chinese"", ""japanese"", ""thai"", ""american"", ""mexican""]","[""vegetarian"", ""halal"", ""gluten_free"", ""nut_free"", ""keto"", ""low_carb"", ""kosher"", ""vegan"", ""dairy_free""]",
583,restaurant,74,Nhà Hàng Lạng Sơn Center,Lạng Sơn,21.85610000,106.75760000,185000.00,"[""vietnamese"", ""chinese"", ""thai"", ""american"", ""seafood"", ""vegetarian"", ""fusion"", ""bbq"", ""vegetarian"", ""halal"", ""gluten_free"", ""nut_free"", ""keto"", ""low_carb"", ""kosher"", ""vegan"", ""dairy_free"", ""dine_in"", ""delivery"", ""private_room"", ""wifi"", ""outdoor_seating"", ""parking"", ""live_music"", ""buffet"", ""reservation"", ""takeaway"", ""romantic"", ""business"", ""formal"", ""modern"", ""rooftop"", ""cozy"", ""casual"", ""family_friendly"", ""traditional"", ""beachfront""]",,,,,,,,"[""vietnamese"", ""chinese"", ""thai"", ""american"", ""seafood"", ""vegetarian"", ""fusion"", ""bbq""]","[""vegetarian"", ""halal"", ""gluten_free"", ""nut_free"", ""keto"", ""low_carb"", ""kosher"", ""vegan"", ""dairy_free""]",
584,restaurant,75,Nhà Hàng Đông Bắc Lạng Sơn,Lạng Sơn,21.66750000,106.76200000,210000.00,"[""vietnamese"", ""japanese"", ""italian"", ""thai"", ""american"", ""seafood"", ""fusion"", ""hotpot"", ""vegetarian"", ""halal"", ""gluten_free"", ""nut_free"", ""keto"", ""low_carb"", ""kosher"", ""vegan"", ""dairy_free"", ""dine_in"", ""delivery"", ""private_room"", ""wifi"", ""outdoor_seating"", ""parking"", ""live_music"", ""buffet"", ""reservation"", ""takeaway"", ""romantic"", ""business"", ""formal"", ""modern"", ""rooftop"", ""cozy"", ""casual"", ""family_friendly"", ""traditional"", ""beachfront""]",,,,,,,,"[""vietnamese"", ""japanese"", ""italian"", ""thai"", ""american"", ""seafood"", ""fusion"", ""hotpot""]","[""vegetarian"", ""halal"", ""gluten_free"", ""nut_free"", ""keto"", ""low_carb"", ""kosher"", ""vegan"", ""dairy_free""]",
585,restaurant,76,Nhà Hàng Sapa Delight,Lào Cai,22.34000000,103.84000000,240000.00,"[""vietnamese"", ""thai"", ""american"", ""fusion"", ""bbq"", ""hotpot"", ""vegetarian"", ""halal"", ""gluten_free"", ""nut_free"", ""keto"", ""low_carb"", ""kosher"", ""vegan"", ""dairy_free"", ""dine_in"", ""delivery"", ""private_room"", ""wifi"", ""outdoor_seating"", ""parking"", ""live_music"", ""buffet"", ""reservation"", ""takeaway"", ""romantic"", ""business"", ""formal"", ""modern"", ""rooftop"", ""cozy"", ""casual"", ""family_friendly"", ""traditional"", ""beachfront""]",,,,,,,,"[""vietnamese"", ""thai"", ""american"", ""fusion"", ""bbq"", ""hotpot""]","[""vegetarian"", ""halal"", ""gluten_free"", ""nut_free"", ""keto"", ""low_carb"", ""kosher"", ""vegan"", ""dairy_free""]",
586,restaurant,77,Nhà Hàng Lào Cai Central,Lào Cai,22.48000000,103.97000000,195000.00,"[""vietnamese"", ""japanese"", ""thai"", ""american"", ""seafood"", ""fusion"", ""hotpot"", ""vegetarian"", ""halal"", ""gluten_free"", ""nut_free"", ""keto"", ""low_carb"", ""kosher"", ""vegan"", ""dairy_free"", ""dine_in"", ""delivery"", ""private_room"", ""wifi"", ""outdoor_seating"", ""parking"", ""live_music"", ""buffet"", ""reservation"", ""takeaway"", ""romantic"", ""business"", ""formal"", ""modern"", ""rooftop"", ""cozy"", ""casual"", ""family_friendly"", ""traditional"", ""beachfront""]",,,,,,,,"[""vietnamese"", ""japanese"", ""thai"", ""american"", ""seafood"", ""fusion"", ""hotpot""]","[""vegetarian"", ""halal"", ""gluten_free"", ""nut_free"", ""keto"", ""low_carb"", ""kosher"", ""vegan"", ""dairy_free""]",
587,restaurant,78,Nhà Hàng Long An Riverside,Long An,10.53600000,106.42700000,175000.00,"[""vietnamese"", ""thai"", ""american"", ""seafood"", ""fusion"", ""bbq"", ""vegetarian"", ""halal"", ""gluten_free"", ""nut_free"", ""keto"", ""low_carb"", ""kosher"", ""vegan"", ""dairy_free"", ""dine_in"", ""delivery"", ""private_room"", ""wifi"", ""outdoor_seating"", ""parking"", ""live_music"", ""buffet"", ""reservation"", ""takeaway"", ""romantic"", ""business"", ""formal"", ""modern"", ""rooftop"", ""cozy"", ""casual"", ""family_friendly"", ""traditional"", ""beachfront""]",,,,,,,,"[""vietnamese"", ""thai"", ""american"", ""seafood"", ""fusion"", ""bbq""]","[""vegetarian"", ""halal"", ""gluten_free"", ""nut_free"", ""keto"", ""low_carb"", ""kosher"", ""vegan"", ""dairy_free""]",
588,restaurant,79,Nhà Hàng Mekong Long An,Long An,10.40000000,106.35000000,220000.00,"[""vietnamese"", ""japanese"", ""thai"", ""american"", ""seafood"", ""fusion"", ""hotpot"", ""vegetarian"", ""halal"", ""gluten_free"", ""nut_free"", ""keto"", ""low_carb"", ""kosher"", ""vegan"", ""dairy_free"", ""dine_in"", ""delivery"", ""private_room"", ""wifi"", ""outdoor_seating"", ""parking"", ""live_music"", ""buffet"", ""reservation"", ""takeaway"", ""romantic"", ""business"", ""formal"", ""modern"", ""rooftop"", ""cozy"", ""casual"", ""family_friendly"", ""traditional"", ""beachfront""]",,,,,,,,"[""vietnamese"", ""japanese"", ""thai"", ""american"", ""seafood"", ""fusion"", ""hotpot""]","[""vegetarian"", ""halal"", ""gluten_free"", ""nut_free"", ""keto"", ""low_carb"", ""kosher"", ""vegan"", ""dairy_free""]",
589,restaurant,80,Nhà Hàng Trường An,Nam Định,20.42254000,106.16465000,185000.00,"[""vietnamese"", ""chinese"", ""japanese"", ""korean"", ""italian"", ""french"", ""thai"", ""indian"", ""american"", ""mexican"", ""seafood"", ""vegetarian"", ""fusion"", ""bbq"", ""hotpot"", ""vegetarian"", ""vegan"", ""halal"", ""kosher"", ""gluten_free"", ""dairy_free"", ""nut_free"", ""low_carb"", ""keto"", ""dine_in"", ""takeaway"", ""delivery"", ""reservation"", ""private_room"", ""buffet"", ""outdoor_seating"", ""live_music"", ""wifi"", ""parking"", ""romantic"", ""business"", ""formal"", ""modern"", ""rooftop"", ""cozy"", ""casual"", ""family_friendly"", ""traditional"", ""beachfront""]",,,,,,,,"[""vietnamese"", ""chinese"", ""japanese"", ""korean"", ""italian"", ""french"", ""thai"", ""indian"", ""american"", ""mexican"", ""seafood"", ""vegetarian"", ""fusion"", ""bbq"", ""hotpot""]","[""vegetarian"", ""vegan"", ""halal"", ""kosher"", ""gluten_free"", ""dairy_free"", ""nut_free"", ""low_carb"", ""keto""]",
590,restaurant,81,Nhà Hàng Hồng Phát,Nam Định,20.42310000,106.16820000,120000.00,"[""vietnamese"", ""chinese"", ""japanese"", ""korean"", ""italian"", ""french"", ""thai"", ""indian"", ""american"", ""mexican"", ""seafood"", ""vegetarian"", ""fusion"", ""bbq"", ""hotpot"", ""vegetarian"", ""vegan"", ""halal"", ""kosher"", ""gluten_free"", ""dairy_free"", ""nut_free"", ""low_carb"", ""keto"", ""dine_in"", ""takeaway"", ""delivery"", ""reservation"", ""private_room"", ""buffet"", ""outdoor_seating"", ""live_music"", ""wifi"", ""parking"", ""romantic"", ""business"", ""formal"", ""modern"", ""rooftop"", ""cozy"", ""casual"", ""family_friendly"", ""traditional"", ""beachfront""]",,,,,,,,"[""vietnamese"", ""chinese"", ""japanese"", ""korean"", ""italian"", ""french"", ""thai"", ""indian"", ""american"", ""mexican"", ""seafood"", ""vegetarian"", ""fusion"", ""bbq"", ""hotpot""]","[""vegetarian"", ""vegan"", ""halal"", ""kosher"", ""gluten_free"", ""dairy_free"", ""nut_free"", ""low_carb"", ""keto""]",
591,restaurant,82,Nhà Hàng Lam Sơn,Nghệ An,19.30900000,104.51300000,210000.00,"[""vietnamese"", ""chinese"", ""japanese"", ""korean"", ""italian"", ""french"", ""thai"", ""indian"", ""american"", ""mexican"", ""seafood"", ""vegetarian"", ""fusion"", ""bbq"", ""hotpot"", ""vegetarian"", ""vegan"", ""halal"", ""kosher"", ""gluten_free"", ""dairy_free"", ""nut_free"", ""low_carb"", ""keto"", ""dine_in"", ""takeaway"", ""delivery"", ""reservation"", ""private_room"", ""buffet"", ""outdoor_seating"", ""live_music"", ""wifi"", ""parking"", ""romantic"", ""business"", ""formal"", ""modern"", ""rooftop"", ""cozy"", ""casual"", ""family_friendly"", ""traditional"", ""beachfront""]",,,,,,,,"[""vietnamese"", ""chinese"", ""japanese"", ""korean"", ""italian"", ""french"", ""thai"", ""indian"", ""american"", ""mexican"", ""seafood"", ""vegetarian"", ""fusion"", ""bbq"", ""hotpot""]","[""vegetarian"", ""vegan"", ""halal"", ""kosher"", ""gluten_free"", ""dairy_free"", ""nut_free"", ""low_carb"", ""keto""]",
592,restaurant,83,Nhà Hàng Hưng Thịnh,Nghệ An,19.30700000,104.51600000,130000.00,"[""vietnamese"", ""chinese"", ""japanese"", ""korean"", ""italian"", ""french"", ""thai"", ""indian"", ""american"", ""mexican"", ""seafood"", ""vegetarian"", ""fusion"", ""bbq"", ""hotpot"", ""vegetarian"", ""vegan"", ""halal"", ""kosher"", ""gluten_free"", ""dairy_free"", ""nut_free"", ""low_carb"", ""keto"", ""dine_in"", ""takeaway"", ""delivery"", ""reservation"", ""private_room"", ""buffet"", ""outdoor_seating"", ""live_music"", ""wifi"", ""parking"", ""romantic"", ""business"", ""formal"", ""modern"", ""rooftop"", ""cozy"", ""casual"", ""family_friendly"", ""traditional"", ""beachfront""]",,,,,,,,"[""vietnamese"", ""chinese"", ""japanese"", ""korean"", ""italian"", ""french"", ""thai"", ""indian"", ""american"", ""mexican"", ""seafood"", ""vegetarian"", ""fusion"", ""bbq"", ""hotpot""]","[""vegetarian"", ""vegan"", ""halal"", ""kosher"", ""gluten_free"", ""dairy_free"", ""nut_free"", ""low_carb"", ""keto""]",
593,restaurant,84,Nhà Hàng Tam Cốc,Ninh Bình,20.25000000,105.97500000,295000.00,"[""vietnamese"", ""chinese"", ""japanese"", ""korean"", ""italian"", ""french"", ""thai"", ""indian"", ""american"", ""mexican"", ""seafood"", ""vegetarian"", ""fusion"", ""bbq"", ""hotpot"", ""vegetarian"", ""vegan"", ""halal"", ""kosher"", ""gluten_free"", ""dairy_free"", ""nut_free"", ""low_carb"", ""keto"", ""dine_in"", ""takeaway"", ""delivery"", ""reservation"", ""private_room"", ""buffet"", ""outdoor_seating"", ""live_music"", ""wifi"", ""parking"", ""romantic"", ""business"", ""formal"", ""modern"", ""rooftop"", ""cozy"", ""casual"", ""family_friendly"", ""traditional"", ""beachfront""]",,,,,,,,"[""vietnamese"", ""chinese"", ""japanese"", ""korean"", ""italian"", ""french"", ""thai"", ""indian"", ""american"", ""mexican"", ""seafood"", ""vegetarian"", ""fusion"", ""bbq"", ""hotpot""]","[""vegetarian"", ""vegan"", ""halal"", ""kosher"", ""gluten_free"", ""dairy_free"", ""nut_free"", ""low_carb"", ""keto""]",
594,restaurant,85,Nhà Hàng Tràng An,Ninh Bình,20.25150000,105.97350000,145000.00,"[""vietnamese"", ""chinese"", ""japanese"", ""korean"", ""italian"", ""french"", ""thai"", ""indian"", ""american"", ""mexican"", ""seafood"", ""vegetarian"", ""fusion"", ""bbq"", ""hotpot"", ""vegetarian"", ""vegan"", ""halal"", ""kosher"", ""gluten_free"", ""dairy_free"", ""nut_free"", ""low_carb"", ""keto"", ""dine_in"", ""takeaway"", ""delivery"", ""reservation"", ""private_room"", ""buffet"", ""outdoor_seating"", ""live_music"", ""wifi"", ""parking"", ""romantic"", ""business"", ""formal"", ""modern"", ""rooftop"", ""cozy"", ""casual"", ""family_friendly"", ""traditional"", ""beachfront""]",,,,,,,,"[""vietnamese"", ""chinese"", ""japanese"", ""korean"", ""italian"", ""french"", ""thai"", ""indian"", ""american"", ""mexican"", ""seafood"", ""vegetarian"", ""fusion"", ""bbq"", ""hotpot""]","[""vegetarian"", ""vegan"", ""halal"", ""kosher"", ""gluten_free"", ""dairy_free"", ""nut_free"", ""low_carb"", ""keto""]",
595,restaurant,86,Nhà Hàng Biển Ninh Thuận,Ninh Thuận,11.56234567,108.99876543,257000.00,"[""vietnamese"", ""seafood"", ""fusion"", ""hotpot"", ""bbq"", ""vegetarian"", ""halal"", ""gluten_free"", ""nut_free"", ""keto"", ""low_carb"", ""kosher"", ""vegan"", ""dairy_free"", ""dine_in"", ""delivery"", ""private_room"", ""wifi"", ""outdoor_seating"", ""parking"", ""live_music"", ""buffet"", ""reservation"", ""takeaway"", ""romantic"", ""business"", ""formal"", ""modern"", ""rooftop"", ""cozy"", ""casual"", ""family_friendly"", ""traditional"", ""beachfront""]",,,,,,,,"[""vietnamese"", ""seafood"", ""fusion"", ""hotpot"", ""bbq""]","[""vegetarian"", ""halal"", ""gluten_free"", ""nut_free"", ""keto"", ""low_carb"", ""kosher"", ""vegan"", ""dairy_free""]",
596,restaurant,87,Nhà Hàng Đồi Nho,Ninh Thuận,11.52012345,109.01123456,189000.00,"[""vietnamese"", ""fusion"", ""vegetarian"", ""thai"", ""american"", ""vegetarian"", ""vegan"", ""halal"", ""gluten_free"", ""dairy_free"", ""nut_free"", ""dine_in"", ""takeaway"", ""delivery"", ""reservation"", ""private_room"", ""buffet"", ""outdoor_seating"", ""live_music"", ""wifi"", ""parking"", ""romantic"", ""family_friendly"", ""casual"", ""traditional"", ""cozy""]",,,,,,,,"[""vietnamese"", ""fusion"", ""vegetarian"", ""thai"", ""american""]","[""vegetarian"", ""vegan"", ""halal"", ""gluten_free"", ""dairy_free"", ""nut_free""]",
597,restaurant,88,Nhà Hàng Ao Sen Phú Thọ,Phú Thọ,21.29234567,105.06987654,312000.00,"[""vietnamese"", ""fusion"", ""seafood"", ""italian"", ""vegetarian"", ""halal"", ""gluten_free"", ""nut_free"", ""keto"", ""low_carb"", ""kosher"", ""vegan"", ""dairy_free"", ""dine_in"", ""delivery"", ""private_room"", ""wifi"", ""outdoor_seating"", ""parking"", ""live_music"", ""buffet"", ""reservation"", ""takeaway"", ""romantic"", ""business"", ""formal"", ""modern"", ""rooftop"", ""cozy"", ""casual"", ""family_friendly"", ""traditional"", ""beachfront""]",,,,,,,,"[""vietnamese"", ""fusion"", ""seafood"", ""italian""]","[""vegetarian"", ""halal"", ""gluten_free"", ""nut_free"", ""keto"", ""low_carb"", ""kosher"", ""vegan"", ""dairy_free""]",
598,restaurant,89,Nhà Hàng Đất Tổ,Phú Thọ,21.33123456,105.08987654,145000.00,"[""vietnamese"", ""thai"", ""fusion"", ""american"", ""vegetarian"", ""vegan"", ""halal"", ""gluten_free"", ""dairy_free"", ""nut_free"", ""dine_in"", ""takeaway"", ""delivery"", ""reservation"", ""private_room"", ""buffet"", ""outdoor_seating"", ""live_music"", ""wifi"", ""parking"", ""romantic"", ""family_friendly"", ""casual"", ""traditional"", ""cozy""]",,,,,,,,"[""vietnamese"", ""thai"", ""fusion"", ""american""]","[""vegetarian"", ""vegan"", ""halal"", ""gluten_free"", ""dairy_free"", ""nut_free""]",
599,restaurant,90,Nhà Hàng Vịnh Xuân,Phú Yên,13.12345678,109.29456789,278000.00,"[""vietnamese"", ""seafood"", ""fusion"", ""american"", ""vegetarian"", ""halal"", ""gluten_free"", ""nut_free"", ""keto"", ""low_carb"", ""kosher"", ""vegan"", ""dairy_free"", ""dine_in"", ""delivery"", ""private_room"", ""wifi"", ""outdoor_seating"", ""parking"", ""live_music"", ""buffet"", ""reservation"", ""takeaway"", ""romantic"", ""business"", ""formal"", ""modern"", ""rooftop"", ""cozy"", ""casual"", ""family_friendly"", ""traditional"", ""beachfront""]",,,,,,,,"[""vietnamese"", ""seafood"", ""fusion"", ""american""]","[""vegetarian"", ""halal"", ""gluten_free"", ""nut_free"", ""keto"", ""low_carb"", ""kosher"", ""vegan"", ""dairy_free""]",
600,restaurant,91,Nhà Hàng Tuy Hòa,Phú Yên,13.09567890,109.30234567,132000.00,"[""vietnamese"", ""fusion"", ""thai"", ""american"", ""vegetarian"", ""vegan"", ""halal"", ""gluten_free"", ""dairy_free"", ""nut_free"", ""dine_in"", ""takeaway"", ""delivery"", ""reservation"", ""private_room"", ""buffet"", ""outdoor_seating"", ""live_music"", ""wifi"", ""parking"", ""romantic"", ""family_friendly"", ""casual"", ""traditional"", ""cozy""]",,,,,,,,"[""vietnamese"", ""fusion"", ""thai"", ""american""]","[""vegetarian"", ""vegan"", ""halal"", ""gluten_free"", ""dairy_free"", ""nut_free""]",
601,restaurant,92,Nhà Hàng Sông Gianh,Quảng Bình,17.46405000,106.60817000,215000.00,"[""vietnamese"", ""seafood"", ""fusion"", ""vegetarian"", ""halal"", ""gluten_free"", ""dine_in"", ""delivery"", ""wifi"", ""parking"", ""reservation"", ""romantic"", ""business"", ""formal"", ""modern"", ""cozy""]",,,,,,,,"[""vietnamese"", ""seafood"", ""fusion""]","[""vegetarian"", ""halal"", ""gluten_free""]",
602,restaurant,93,Nhà Hàng Phong Nha,Quảng Bình,17.54175000,106.23450000,178000.00,"[""vietnamese"", ""thai"", ""fusion"", ""vegetarian"", ""vegan"", ""halal"", ""dine_in"", ""takeaway"", ""wifi"", ""reservation"", ""family_friendly"", ""casual"", ""traditional""]",,,,,,,,"[""vietnamese"", ""thai"", ""fusion""]","[""vegetarian"", ""vegan"", ""halal""]",
603,restaurant,94,Nhà Hàng Hội An,Quảng Nam,15.88005800,108.33804600,245000.00,"[""vietnamese"", ""japanese"", ""italian"", ""fusion"", ""vegetarian"", ""gluten_free"", ""dairy_free"", ""dine_in"", ""takeaway"", ""wifi"", ""reservation"", ""private_room"", ""romantic"", ""family_friendly"", ""business"", ""cozy""]",,,,,,,,"[""vietnamese"", ""japanese"", ""italian"", ""fusion""]","[""vegetarian"", ""gluten_free"", ""dairy_free""]",
604,restaurant,95,Nhà Hàng Tam Kỳ,Quảng Nam,15.56920000,108.47900000,132000.00,"[""vietnamese"", ""american"", ""fusion"", ""vegan"", ""nut_free"", ""low_carb"", ""dine_in"", ""delivery"", ""wifi"", ""reservation"", ""casual"", ""modern"", ""formal""]",,,,,,,,"[""vietnamese"", ""american"", ""fusion""]","[""vegan"", ""nut_free"", ""low_carb""]",
605,restaurant,96,Nhà Hàng Sa Kỳ,Quảng Ngãi,15.22580000,108.96320000,198000.00,"[""vietnamese"", ""seafood"", ""fusion"", ""vegetarian"", ""halal"", ""gluten_free"", ""dine_in"", ""takeaway"", ""wifi"", ""reservation"", ""family_friendly"", ""casual"", ""traditional""]",,,,,,,,"[""vietnamese"", ""seafood"", ""fusion""]","[""vegetarian"", ""halal"", ""gluten_free""]",
606,restaurant,97,Nhà Hàng Quảng Ngãi Center,Quảng Ngãi,15.11670000,108.79250000,256000.00,"[""vietnamese"", ""fusion"", ""thai"", ""vegan"", ""keto"", ""low_carb"", ""dine_in"", ""delivery"", ""wifi"", ""reservation"", ""private_room"", ""romantic"", ""business"", ""modern""]",,,,,,,,"[""vietnamese"", ""fusion"", ""thai""]","[""vegan"", ""keto"", ""low_carb""]",
607,restaurant,98,Nhà Hàng Hạ Long Bay,Quảng Ninh,20.95438400,107.05229900,151409.00,"[""vietnamese"", ""seafood"", ""fusion"", ""bbq"", ""american"", ""italian"", ""french"", ""chinese"", ""japanese"", ""korean"", ""thai"", ""indian"", ""vegetarian"", ""hotpot"", ""mexican"", ""vegetarian"", ""halal"", ""gluten_free"", ""nut_free"", ""keto"", ""low_carb"", ""kosher"", ""vegan"", ""dairy_free"", ""dine_in"", ""delivery"", ""private_room"", ""wifi"", ""outdoor_seating"", ""parking"", ""live_music"", ""buffet"", ""reservation"", ""takeaway"", ""romantic"", ""business"", ""formal"", ""modern"", ""rooftop"", ""cozy"", ""casual"", ""family_friendly"", ""traditional"", ""beachfront""]",,,,,,,,"[""vietnamese"", ""seafood"", ""fusion"", ""bbq"", ""american"", ""italian"", ""french"", ""chinese"", ""japanese"", ""korean"", ""thai"", ""indian"", ""vegetarian"", ""hotpot"", ""mexican""]","[""vegetarian"", ""halal"", ""gluten_free"", ""nut_free"", ""keto"", ""low_carb"", ""kosher"", ""vegan"", ""dairy_free""]",
608,restaurant,99,Nhà Hàng Sun World,Quảng Ninh,20.95720300,107.07339000,109395.00,"[""vietnamese"", ""thai"", ""american"", ""fusion"", ""seafood"", ""bbq"", ""vegetarian"", ""hotpot"", ""vegetarian"", ""halal"", ""gluten_free"", ""nut_free"", ""keto"", ""low_carb"", ""kosher"", ""vegan"", ""dairy_free"", ""dine_in"", ""takeaway"", ""wifi"", ""private_room"", ""reservation"", ""buffet"", ""outdoor_seating"", ""parking"", ""delivery"", ""live_music"", ""romantic"", ""business"", ""formal"", ""modern"", ""rooftop"", ""cozy"", ""casual"", ""family_friendly"", ""traditional"", ""beachfront""]",,,,,,,,"[""vietnamese"", ""thai"", ""american"", ""fusion"", ""seafood"", ""bbq"", ""vegetarian"", ""hotpot""]","[""vegetarian"", ""halal"", ""gluten_free"", ""nut_free"", ""keto"", ""low_carb"", ""kosher"", ""vegan"", ""dairy_free""]",
609,restaurant,100,Nhà Hàng Cửa Việt,Quảng Trị,16.84352000,107.08976000,242752.00,"[""vietnamese"", ""seafood"", ""fusion"", ""italian"", ""american"", ""hotpot"", ""bbq"", ""thai"", ""japanese"", ""korean"", ""french"", ""vegetarian"", ""mexican"", ""indian"", ""chinese"", ""vegetarian"", ""halal"", ""gluten_free"", ""nut_free"", ""keto"", ""low_carb"", ""kosher"", ""vegan"", ""dairy_free"", ""dine_in"", ""delivery"", ""private_room"", ""wifi"", ""outdoor_seating"", ""parking"", ""live_music"", ""buffet"", ""reservation"", ""takeaway"", ""romantic"", ""business"", ""formal"", ""modern"", ""rooftop"", ""cozy"", ""casual"", ""family_friendly"", ""traditional"", ""beachfront""]",,,,,,,,"[""vietnamese"", ""seafood"", ""fusion"", ""italian"", ""american"", ""hotpot"", ""bbq"", ""thai"", ""japanese"", ""korean"", ""french"", ""vegetarian"", ""mexican"", ""indian"", ""chinese""]","[""vegetarian"", ""halal"", ""gluten_free"", ""nut_free"", ""keto"", ""low_carb"", ""kosher"", ""vegan"", ""dairy_free""]",
610,restaurant,101,Nhà Hàng Gio Linh,Quảng Trị,16.79321000,107.09956000,285571.00,"[""vietnamese"", ""fusion"", ""thai"", ""american"", ""seafood"", ""bbq"", ""hotpot"", ""italian"", ""japanese"", ""korean"", ""french"", ""vegetarian"", ""mexican"", ""indian"", ""chinese"", ""vegetarian"", ""halal"", ""gluten_free"", ""nut_free"", ""keto"", ""low_carb"", ""kosher"", ""vegan"", ""dairy_free"", ""dine_in"", ""takeaway"", ""wifi"", ""private_room"", ""reservation"", ""buffet"", ""outdoor_seating"", ""parking"", ""delivery"", ""live_music"", ""romantic"", ""business"", ""formal"", ""modern"", ""rooftop"", ""cozy"", ""casual"", ""family_friendly"", ""traditional"", ""beachfront""]",,,,,,,,"[""vietnamese"", ""fusion"", ""thai"", ""american"", ""seafood"", ""bbq"", ""hotpot"", ""italian"", ""japanese"", ""korean"", ""french"", ""vegetarian"", ""mexican"", ""indian"", ""chinese""]","[""vegetarian"", ""halal"", ""gluten_free"", ""nut_free"", ""keto"", ""low_carb"", ""kosher"", ""vegan"", ""dairy_free""]",
611,restaurant,102,Nhà Hàng Sóc Trăng Seafood,Sóc Trăng,9.60456000,105.97345000,349600.00,"[""vietnamese"", ""seafood"", ""fusion"", ""thai"", ""american"", ""bbq"", ""hotpot"", ""italian"", ""japanese"", ""korean"", ""french"", ""vegetarian"", ""mexican"", ""indian"", ""chinese"", ""vegetarian"", ""halal"", ""gluten_free"", ""nut_free"", ""keto"", ""low_carb"", ""kosher"", ""vegan"", ""dairy_free"", ""dine_in"", ""delivery"", ""private_room"", ""wifi"", ""outdoor_seating"", ""parking"", ""live_music"", ""buffet"", ""reservation"", ""takeaway"", ""romantic"", ""business"", ""formal"", ""modern"", ""rooftop"", ""cozy"", ""casual"", ""family_friendly"", ""traditional"", ""beachfront""]",,,,,,,,"[""vietnamese"", ""seafood"", ""fusion"", ""thai"", ""american"", ""bbq"", ""hotpot"", ""italian"", ""japanese"", ""korean"", ""french"", ""vegetarian"", ""mexican"", ""indian"", ""chinese""]","[""vegetarian"", ""halal"", ""gluten_free"", ""nut_free"", ""keto"", ""low_carb"", ""kosher"", ""vegan"", ""dairy_free""]",
612,restaurant,103,Nhà Hàng Trần Đề,Sóc Trăng,9.48567000,106.00123000,291285.00,"[""vietnamese"", ""fusion"", ""thai"", ""american"", ""seafood"", ""bbq"", ""hotpot"", ""italian"", ""japanese"", ""korean"", ""french"", ""vegetarian"", ""mexican"", ""indian"", ""chinese"", ""vegetarian"", ""halal"", ""gluten_free"", ""nut_free"", ""keto"", ""low_carb"", ""kosher"", ""vegan"", ""dairy_free"", ""dine_in"", ""takeaway"", ""wifi"", ""private_room"", ""reservation"", ""buffet"", ""outdoor_seating"", ""parking"", ""delivery"", ""live_music"", ""romantic"", ""business"", ""formal"", ""modern"", ""rooftop"", ""cozy"", ""casual"", ""family_friendly"", ""traditional"", ""beachfront""]",,,,,,,,"[""vietnamese"", ""fusion"", ""thai"", ""american"", ""seafood"", ""bbq"", ""hotpot"", ""italian"", ""japanese"", ""korean"", ""french"", ""vegetarian"", ""mexican"", ""indian"", ""chinese""]","[""vegetarian"", ""halal"", ""gluten_free"", ""nut_free"", ""keto"", ""low_carb"", ""kosher"", ""vegan"", ""dairy_free""]",
613,restaurant,104,Nhà Hàng Mường La,Sơn La,21.19000000,104.86700000,307626.00,"[""vietnamese"", ""thai"", ""fusion"", ""bbq"", ""seafood"", ""vegetarian"", ""halal"", ""gluten_free"", ""nut_free"", ""keto"", ""low_carb"", ""kosher"", ""vegan"", ""dairy_free"", ""dine_in"", ""delivery"", ""private_room"", ""wifi"", ""outdoor_seating"", ""parking"", ""live_music"", ""buffet"", ""reservation"", ""takeaway"", ""romantic"", ""business"", ""formal"", ""modern"", ""rooftop"", ""cozy"", ""casual"", ""family_friendly"", ""traditional"", ""beachfront""]",,,,,,,,"[""vietnamese"", ""thai"", ""fusion"", ""bbq"", ""seafood""]","[""vegetarian"", ""halal"", ""gluten_free"", ""nut_free"", ""keto"", ""low_carb"", ""kosher"", ""vegan"", ""dairy_free""]",
614,restaurant,105,Nhà Hàng Sơn La Central,Sơn La,21.32800000,104.90500000,314278.00,"[""vietnamese"", ""japanese"", ""italian"", ""american"", ""seafood"", ""fusion"", ""vegetarian"", ""halal"", ""gluten_free"", ""nut_free"", ""keto"", ""low_carb"", ""kosher"", ""vegan"", ""dairy_free"", ""dine_in"", ""delivery"", ""private_room"", ""wifi"", ""outdoor_seating"", ""parking"", ""live_music"", ""buffet"", ""reservation"", ""takeaway"", ""romantic"", ""business"", ""formal"", ""modern"", ""rooftop"", ""cozy"", ""casual"", ""family_friendly"", ""traditional"", ""beachfront""]",,,,,,,,"[""vietnamese"", ""japanese"", ""italian"", ""american"", ""seafood"", ""fusion""]","[""vegetarian"", ""halal"", ""gluten_free"", ""nut_free"", ""keto"", ""low_carb"", ""kosher"", ""vegan"", ""dairy_free""]",
615,restaurant,106,Nhà Hàng Tây Ninh Garden,Tây Ninh,11.33000000,106.10000000,298514.00,"[""vietnamese"", ""thai"", ""fusion"", ""bbq"", ""seafood"", ""vegetarian"", ""halal"", ""gluten_free"", ""nut_free"", ""keto"", ""low_carb"", ""kosher"", ""vegan"", ""dairy_free"", ""dine_in"", ""delivery"", ""private_room"", ""wifi"", ""outdoor_seating"", ""parking"", ""live_music"", ""buffet"", ""reservation"", ""takeaway"", ""romantic"", ""business"", ""formal"", ""modern"", ""rooftop"", ""cozy"", ""casual"", ""family_friendly"", ""traditional"", ""beachfront""]",,,,,,,,"[""vietnamese"", ""thai"", ""fusion"", ""bbq"", ""seafood""]","[""vegetarian"", ""halal"", ""gluten_free"", ""nut_free"", ""keto"", ""low_carb"", ""kosher"", ""vegan"", ""dairy_free""]",
616,restaurant,107,Nhà Hàng Tây Ninh Central,Tây Ninh,11.33300000,106.10800000,199733.00,"[""vietnamese"", ""japanese"", ""italian"", ""american"", ""seafood"", ""fusion"", ""vegetarian"", ""halal"", ""gluten_free"", ""nut_free"", ""keto"", ""low_carb"", ""kosher"", ""vegan"", ""dairy_free"", ""dine_in"", ""delivery"", ""private_room"", ""wifi"", ""outdoor_seating"", ""parking"", ""live_music"", ""buffet"", ""reservation"", ""takeaway"", ""romantic"", ""business"", ""formal"", ""modern"", ""rooftop"", ""cozy"", ""casual"", ""family_friendly"", ""traditional"", ""beachfront""]",,,,,,,,"[""vietnamese"", ""japanese"", ""italian"", ""american"", ""seafood"", ""fusion""]","[""vegetarian"", ""halal"", ""gluten_free"", ""nut_free"", ""keto"", ""low_carb"", ""kosher"", ""vegan"", ""dairy_free""]",
617,restaurant,108,Nhà Hàng Thái Bình Riverside,Thái Bình,20.44400000,106.33100000,253127.00,"[""vietnamese"", ""thai"", ""fusion"", ""bbq"", ""seafood"", ""vegetarian"", ""halal"", ""gluten_free"", ""nut_free"", ""keto"", ""low_carb"", ""kosher"", ""vegan"", ""dairy_free"", ""dine_in"", ""delivery"", ""private_room"", ""wifi"", ""outdoor_seating"", ""parking"", ""live_music"", ""buffet"", ""reservation"", ""takeaway"", ""romantic"", ""business"", ""formal"", ""modern"", ""rooftop"", ""cozy"", ""casual"", ""family_friendly"", ""traditional"", ""beachfront""]",,,,,,,,"[""vietnamese"", ""thai"", ""fusion"", ""bbq"", ""seafood""]","[""vegetarian"", ""halal"", ""gluten_free"", ""nut_free"", ""keto"", ""low_carb"", ""kosher"", ""vegan"", ""dairy_free""]",
618,restaurant,109,Nhà Hàng Thái Bình Central,Thái Bình,20.44700000,106.33500000,316434.00,"[""vietnamese"", ""japanese"", ""italian"", ""american"", ""seafood"", ""fusion"", ""vegetarian"", ""halal"", ""gluten_free"", ""nut_free"", ""keto"", ""low_carb"", ""kosher"", ""vegan"", ""dairy_free"", ""dine_in"", ""delivery"", ""private_room"", ""wifi"", ""outdoor_seating"", ""parking"", ""live_music"", ""buffet"", ""reservation"", ""takeaway"", ""romantic"", ""business"", ""formal"", ""modern"", ""rooftop"", ""cozy"", ""casual"", ""family_friendly"", ""traditional"", ""beachfront""]",,,,,,,,"[""vietnamese"", ""japanese"", ""italian"", ""american"", ""seafood"", ""fusion""]","[""vegetarian"", ""halal"", ""gluten_free"", ""nut_free"", ""keto"", ""low_carb"", ""kosher"", ""vegan"", ""dairy_free""]",
619,restaurant,110,Nhà Hàng Núi Cốc,Thái Nguyên,21.58943400,105.84237200,222790.00,"[""vietnamese"", ""chinese"", ""japanese"", ""thai"", ""italian"", ""french"", ""american"", ""mexican"", ""seafood"", ""vegetarian"", ""fusion"", ""bbq"", ""hotpot"", ""korean"", ""vegetarian"", ""vegan"", ""halal"", ""kosher"", ""gluten_free"", ""dairy_free"", ""nut_free"", ""low_carb"", ""keto"", ""dine_in"", ""takeaway"", ""delivery"", ""reservation"", ""private_room"", ""buffet"", ""outdoor_seating"", ""live_music"", ""wifi"", ""parking"", ""romantic"", ""family_friendly"", ""business"", ""casual"", ""formal"", ""cozy"", ""modern"", ""traditional"", ""rooftop"", ""beachfront""]",,,,,,,,"[""vietnamese"", ""chinese"", ""japanese"", ""thai"", ""italian"", ""french"", ""american"", ""mexican"", ""seafood"", ""vegetarian"", ""fusion"", ""bbq"", ""hotpot"", ""korean""]","[""vegetarian"", ""vegan"", ""halal"", ""kosher"", ""gluten_free"", ""dairy_free"", ""nut_free"", ""low_carb"", ""keto""]",
620,restaurant,111,Nhà Hàng Hồ Núi Cốc,Thái Nguyên,21.59011200,105.83823400,314650.00,"[""vietnamese"", ""chinese"", ""japanese"", ""thai"", ""italian"", ""french"", ""american"", ""mexican"", ""seafood"", ""vegetarian"", ""fusion"", ""bbq"", ""hotpot"", ""korean"", ""vegetarian"", ""vegan"", ""halal"", ""kosher"", ""gluten_free"", ""dairy_free"", ""nut_free"", ""low_carb"", ""keto"", ""dine_in"", ""takeaway"", ""delivery"", ""reservation"", ""private_room"", ""buffet"", ""outdoor_seating"", ""live_music"", ""wifi"", ""parking"", ""romantic"", ""family_friendly"", ""business"", ""casual"", ""formal"", ""cozy"", ""modern"", ""traditional"", ""rooftop"", ""beachfront""]",,,,,,,,"[""vietnamese"", ""chinese"", ""japanese"", ""thai"", ""italian"", ""french"", ""american"", ""mexican"", ""seafood"", ""vegetarian"", ""fusion"", ""bbq"", ""hotpot"", ""korean""]","[""vegetarian"", ""vegan"", ""halal"", ""kosher"", ""gluten_free"", ""dairy_free"", ""nut_free"", ""low_carb"", ""keto""]",
621,restaurant,112,Nhà Hàng Sông Mã,Thanh Hóa,19.80620900,105.78313000,304880.00,"[""vietnamese"", ""chinese"", ""japanese"", ""thai"", ""italian"", ""french"", ""american"", ""mexican"", ""seafood"", ""vegetarian"", ""fusion"", ""bbq"", ""hotpot"", ""korean"", ""vegetarian"", ""vegan"", ""halal"", ""kosher"", ""gluten_free"", ""dairy_free"", ""nut_free"", ""low_carb"", ""keto"", ""dine_in"", ""takeaway"", ""delivery"", ""reservation"", ""private_room"", ""buffet"", ""outdoor_seating"", ""live_music"", ""wifi"", ""parking"", ""romantic"", ""family_friendly"", ""business"", ""casual"", ""formal"", ""cozy"", ""modern"", ""traditional"", ""rooftop"", ""beachfront""]",,,,,,,,"[""vietnamese"", ""chinese"", ""japanese"", ""thai"", ""italian"", ""french"", ""american"", ""mexican"", ""seafood"", ""vegetarian"", ""fusion"", ""bbq"", ""hotpot"", ""korean""]","[""vegetarian"", ""vegan"", ""halal"", ""kosher"", ""gluten_free"", ""dairy_free"", ""nut_free"", ""low_carb"", ""keto""]",
622,restaurant,113,Nhà Hàng Lam Sơn,Thanh Hóa,19.80532100,105.78098100,230450.00,"[""vietnamese"", ""chinese"", ""japanese"", ""thai"", ""italian"", ""french"", ""american"", ""mexican"", ""seafood"", ""vegetarian"", ""fusion"", ""bbq"", ""hotpot"", ""korean"", ""vegetarian"", ""vegan"", ""halal"", ""kosher"", ""gluten_free"", ""dairy_free"", ""nut_free"", ""low_carb"", ""keto"", ""dine_in"", ""takeaway"", ""delivery"", ""reservation"", ""private_room"", ""buffet"", ""outdoor_seating"", ""live_music"", ""wifi"", ""parking"", ""romantic"", ""family_friendly"", ""business"", ""casual"", ""formal"", ""cozy"", ""modern"", ""traditional"", ""rooftop"", ""beachfront""]",,,,,,,,"[""vietnamese"", ""chinese"", ""japanese"", ""thai"", ""italian"", ""french"", ""american"", ""mexican"", ""seafood"", ""vegetarian"", ""fusion"", ""bbq"", ""hotpot"", ""korean""]","[""vegetarian"", ""vegan"", ""halal"", ""kosher"", ""gluten_free"", ""dairy_free"", ""nut_free"", ""low_carb"", ""keto""]",
623,restaurant,114,Nhà Hàng Cố Đô,Thừa Thiên Huế,16.46371300,107.59086600,137609.00,"[""vietnamese"", ""chinese"", ""japanese"", ""thai"", ""italian"", ""french"", ""american"", ""mexican"", ""seafood"", ""vegetarian"", ""fusion"", ""bbq"", ""hotpot"", ""korean"", ""vegetarian"", ""vegan"", ""halal"", ""kosher"", ""gluten_free"", ""dairy_free"", ""nut_free"", ""low_carb"", ""keto"", ""dine_in"", ""takeaway"", ""delivery"", ""reservation"", ""private_room"", ""buffet"", ""outdoor_seating"", ""live_music"", ""wifi"", ""parking"", ""romantic"", ""family_friendly"", ""business"", ""casual"", ""formal"", ""cozy"", ""modern"", ""traditional"", ""rooftop"", ""beachfront""]",,,,,,,,"[""vietnamese"", ""chinese"", ""japanese"", ""thai"", ""italian"", ""french"", ""american"", ""mexican"", ""seafood"", ""vegetarian"", ""fusion"", ""bbq"", ""hotpot"", ""korean""]","[""vegetarian"", ""vegan"", ""halal"", ""kosher"", ""gluten_free"", ""dairy_free"", ""nut_free"", ""low_carb"", ""keto""]",
624,restaurant,115,Nhà Hàng Sông Hương,Thừa Thiên Huế,16.46789000,107.58912300,146696.00,"[""vietnamese"", ""chinese"", ""japanese"", ""thai"", ""italian"", ""french"", ""american"", ""mexican"", ""seafood"", ""vegetarian"", ""fusion"", ""bbq"", ""hotpot"", ""korean"", ""vegetarian"", ""vegan"", ""halal"", ""kosher"", ""gluten_free"", ""dairy_free"", ""nut_free"", ""low_carb"", ""keto"", ""dine_in"", ""takeaway"", ""delivery"", ""reservation"", ""private_room"", ""buffet"", ""outdoor_seating"", ""live_music"", ""wifi"", ""parking"", ""romantic"", ""family_friendly"", ""business"", ""casual"", ""formal"", ""cozy"", ""modern"", ""traditional"", ""rooftop"", ""beachfront""]",,,,,,,,"[""vietnamese"", ""chinese"", ""japanese"", ""thai"", ""italian"", ""french"", ""american"", ""mexican"", ""seafood"", ""vegetarian"", ""fusion"", ""bbq"", ""hotpot"", ""korean""]","[""vegetarian"", ""vegan"", ""halal"", ""kosher"", ""gluten_free"", ""dairy_free"", ""nut_free"", ""low_carb"", ""keto""]",
625,restaurant,116,Nhà Hàng Tiền Giang 1,Tiền Giang,10.34567800,106.34567800,189000.00,"[""vietnamese"", ""seafood"", ""fusion"", ""hotpot"", ""vegetarian"", ""halal"", ""gluten_free"", ""nut_free"", ""keto"", ""low_carb"", ""kosher"", ""vegan"", ""dairy_free"", ""dine_in"", ""delivery"", ""private_room"", ""wifi"", ""outdoor_seating"", ""parking"", ""live_music"", ""buffet"", ""reservation"", ""takeaway"", ""romantic"", ""business"", ""formal"", ""modern"", ""rooftop"", ""cozy"", ""casual"", ""family_friendly"", ""traditional"", ""beachfront""]",,,,,,,,"[""vietnamese"", ""seafood"", ""fusion"", ""hotpot""]","[""vegetarian"", ""halal"", ""gluten_free"", ""nut_free"", ""keto"", ""low_carb"", ""kosher"", ""vegan"", ""dairy_free""]",
626,restaurant,117,Nhà Hàng Tiền Giang 2,Tiền Giang,10.34678900,106.34678900,245000.00,"[""vietnamese"", ""japanese"", ""seafood"", ""bbq"", ""vegetarian"", ""halal"", ""gluten_free"", ""nut_free"", ""keto"", ""low_carb"", ""kosher"", ""vegan"", ""dairy_free"", ""dine_in"", ""delivery"", ""private_room"", ""wifi"", ""outdoor_seating"", ""parking"", ""live_music"", ""buffet"", ""reservation"", ""takeaway"", ""romantic"", ""business"", ""formal"", ""modern"", ""rooftop"", ""cozy"", ""casual"", ""family_friendly"", ""traditional"", ""beachfront""]",,,,,,,,"[""vietnamese"", ""japanese"", ""seafood"", ""bbq""]","[""vegetarian"", ""halal"", ""gluten_free"", ""nut_free"", ""keto"", ""low_carb"", ""kosher"", ""vegan"", ""dairy_free""]",
627,restaurant,118,Nhà Hàng Trà Vinh 1,Trà Vinh,9.74234500,106.32789000,175000.00,"[""vietnamese"", ""thai"", ""seafood"", ""fusion"", ""vegetarian"", ""halal"", ""gluten_free"", ""nut_free"", ""keto"", ""low_carb"", ""kosher"", ""vegan"", ""dairy_free"", ""dine_in"", ""delivery"", ""private_room"", ""wifi"", ""outdoor_seating"", ""parking"", ""live_music"", ""buffet"", ""reservation"", ""takeaway"", ""romantic"", ""business"", ""formal"", ""modern"", ""rooftop"", ""cozy"", ""casual"", ""family_friendly"", ""traditional"", ""beachfront""]",,,,,,,,"[""vietnamese"", ""thai"", ""seafood"", ""fusion""]","[""vegetarian"", ""halal"", ""gluten_free"", ""nut_free"", ""keto"", ""low_carb"", ""kosher"", ""vegan"", ""dairy_free""]",
628,restaurant,119,Nhà Hàng Trà Vinh 2,Trà Vinh,9.74345600,106.32890100,320000.00,"[""vietnamese"", ""italian"", ""seafood"", ""bbq"", ""vegetarian"", ""halal"", ""gluten_free"", ""nut_free"", ""keto"", ""low_carb"", ""kosher"", ""vegan"", ""dairy_free"", ""dine_in"", ""delivery"", ""private_room"", ""wifi"", ""outdoor_seating"", ""parking"", ""live_music"", ""buffet"", ""reservation"", ""takeaway"", ""romantic"", ""business"", ""formal"", ""modern"", ""rooftop"", ""cozy"", ""casual"", ""family_friendly"", ""traditional"", ""beachfront""]",,,,,,,,"[""vietnamese"", ""italian"", ""seafood"", ""bbq""]","[""vegetarian"", ""halal"", ""gluten_free"", ""nut_free"", ""keto"", ""low_carb"", ""kosher"", ""vegan"", ""dairy_free""]",
629,restaurant,120,Nhà Hàng Tuyên Quang 1,Tuyên Quang,21.82234500,105.21987600,150000.00,"[""vietnamese"", ""chinese"", ""seafood"", ""vegetarian"", ""halal"", ""gluten_free"", ""nut_free"", ""keto"", ""low_carb"", ""kosher"", ""vegan"", ""dairy_free"", ""dine_in"", ""delivery"", ""private_room"", ""wifi"", ""outdoor_seating"", ""parking"", ""live_music"", ""buffet"", ""reservation"", ""takeaway"", ""romantic"", ""business"", ""formal"", ""modern"", ""rooftop"", ""cozy"", ""casual"", ""family_friendly"", ""traditional"", ""beachfront""]",,,,,,,,"[""vietnamese"", ""chinese"", ""seafood""]","[""vegetarian"", ""halal"", ""gluten_free"", ""nut_free"", ""keto"", ""low_carb"", ""kosher"", ""vegan"", ""dairy_free""]",
630,restaurant,121,Nhà Hàng Tuyên Quang 2,Tuyên Quang,21.82345600,105.22098700,280000.00,"[""vietnamese"", ""japanese"", ""fusion"", ""bbq"", ""vegetarian"", ""halal"", ""gluten_free"", ""nut_free"", ""keto"", ""low_carb"", ""kosher"", ""vegan"", ""dairy_free"", ""dine_in"", ""delivery"", ""private_room"", ""wifi"", ""outdoor_seating"", ""parking"", ""live_music"", ""buffet"", ""reservation"", ""takeaway"", ""romantic"", ""business"", ""formal"", ""modern"", ""rooftop"", ""cozy"", ""casual"", ""family_friendly"", ""traditional"", ""beachfront""]",,,,,,,,"[""vietnamese"", ""japanese"", ""fusion"", ""bbq""]","[""vegetarian"", ""halal"", ""gluten_free"", ""nut_free"", ""keto"", ""low_carb"", ""kosher"", ""vegan"", ""dairy_free""]",
631,restaurant,122,Nhà Hàng Vĩnh Long Riverside,Vĩnh Long,10.24412345,105.96543210,215000.00,"[""vietnamese"", ""thai"", ""american"", ""seafood"", ""fusion"", ""vegetarian"", ""halal"", ""gluten_free"", ""nut_free"", ""dine_in"", ""delivery"", ""private_room"", ""wifi"", ""outdoor_seating"", ""parking"", ""live_music"", ""buffet"", ""reservation"", ""takeaway"", ""romantic"", ""business"", ""formal"", ""modern"", ""rooftop"", ""cozy"", ""casual"", ""family_friendly"", ""traditional"", ""beachfront""]",,,,,,,,"[""vietnamese"", ""thai"", ""american"", ""seafood"", ""fusion""]","[""vegetarian"", ""halal"", ""gluten_free"", ""nut_free""]",
632,restaurant,123,Nhà Hàng Mekong Vĩnh Long,Vĩnh Long,10.24789123,105.96871234,310000.00,"[""vietnamese"", ""seafood"", ""fusion"", ""bbq"", ""vegetarian"", ""halal"", ""gluten_free"", ""nut_free"", ""vegan"", ""dine_in"", ""delivery"", ""private_room"", ""wifi"", ""outdoor_seating"", ""parking"", ""live_music"", ""buffet"", ""reservation"", ""takeaway"", ""romantic"", ""business"", ""formal"", ""modern"", ""rooftop"", ""cozy"", ""casual"", ""family_friendly"", ""traditional"", ""beachfront""]",,,,,,,,"[""vietnamese"", ""seafood"", ""fusion"", ""bbq""]","[""vegetarian"", ""halal"", ""gluten_free"", ""nut_free"", ""vegan""]",
633,restaurant,124,Nhà Hàng Vĩnh Phúc Garden,Vĩnh Phúc,21.31012345,105.59234567,180000.00,"[""vietnamese"", ""chinese"", ""japanese"", ""fusion"", ""vegetarian"", ""halal"", ""gluten_free"", ""nut_free"", ""keto"", ""dine_in"", ""delivery"", ""private_room"", ""wifi"", ""outdoor_seating"", ""parking"", ""live_music"", ""buffet"", ""reservation"", ""takeaway"", ""romantic"", ""business"", ""formal"", ""modern"", ""rooftop"", ""cozy"", ""casual"", ""family_friendly"", ""traditional"", ""beachfront""]",,,,,,,,"[""vietnamese"", ""chinese"", ""japanese"", ""fusion""]","[""vegetarian"", ""halal"", ""gluten_free"", ""nut_free"", ""keto""]",
634,restaurant,125,Nhà Hàng Phố Vĩnh Phúc,Vĩnh Phúc,21.31234567,105.59876543,290000.00,"[""vietnamese"", ""italian"", ""french"", ""fusion"", ""vegetarian"", ""halal"", ""gluten_free"", ""nut_free"", ""low_carb"", ""dine_in"", ""delivery"", ""private_room"", ""wifi"", ""outdoor_seating"", ""parking"", ""live_music"", ""buffet"", ""reservation"", ""takeaway"", ""romantic"", ""business"", ""formal"", ""modern"", ""rooftop"", ""cozy"", ""casual"", ""family_friendly"", ""traditional"", ""beachfront""]",,,,,,,,"[""vietnamese"", ""italian"", ""french"", ""fusion""]","[""vegetarian"", ""halal"", ""gluten_free"", ""nut_free"", ""low_carb""]",
635,restaurant,126,Nhà Hàng Yên Bái Central,Yên Bái,21.70345678,104.89912345,160000.00,"[""vietnamese"", ""thai"", ""fusion"", ""vegetarian"", ""halal"", ""gluten_free"", ""nut_free"", ""keto"", ""dine_in"", ""delivery"", ""private_room"", ""wifi"", ""outdoor_seating"", ""parking"", ""live_music"", ""buffet"", ""reservation"", ""takeaway"", ""romantic"", ""business"", ""formal"", ""modern"", ""rooftop"", ""cozy"", ""casual"", ""family_friendly"", ""traditional"", ""beachfront""]",,,,,,,,"[""vietnamese"", ""thai"", ""fusion""]","[""vegetarian"", ""halal"", ""gluten_free"", ""nut_free"", ""keto""]",
636,restaurant,127,Nhà Hàng Sunset Yên Bái,Yên Bái,21.70765432,104.90567890,325000.00,"[""vietnamese"", ""italian"", ""french"", ""fusion"", ""seafood"", ""vegetarian"", ""halal"", ""gluten_free"", ""nut_free"", ""vegan"", ""dine_in"", ""delivery"", ""private_room"", ""wifi"", ""outdoor_seating"", ""parking"", ""live_music"", ""buffet"", ""reservation"", ""takeaway"", ""romantic"", ""business"", ""formal"", ""modern"", ""rooftop"", ""cozy"", ""casual"", ""family_friendly"", ""traditional"", ""beachfront""]",,,,,,,,"[""vietnamese"", ""italian"", ""french"", ""fusion"", ""seafood""]","[""vegetarian"", ""halal"", ""gluten_free"", ""nut_free"", ""vegan""]",
